User,Date,Text,Compound,Positive,Neutral,Negative,Tweets Ago
BBC,Wed Jun 13 19:03:07 +0000 2018,"Anatomist @theAliceRoberts embarks on a quest to rebuild her own body from scratch. 

Can Science Make Me Perfect?‚Ä¶ https://t.co/MSu2XCAYqw",0.0,0.0,0.0,1.0,1
BBC,Wed Jun 13 18:28:04 +0000 2018,"Discover the story of how Kensington became the most unequal place in Britain. 

Before Grenfell: A Hidden History‚Ä¶ https://t.co/68V4lSl8ee",-0.4005,0.0,0.137,0.863,2
BBC,Wed Jun 13 18:01:04 +0000 2018,üòÅ Russian workers being taught how to smile more ahead of the World Cup.  https://t.co/Qv9BoVmX25,0.3612,0.161,0.0,0.839,3
BBC,Wed Jun 13 16:30:31 +0000 2018,"RT @BBCOne: There are some ingredients that even Britain‚Äôs best home cooks can‚Äôt get on board with. #BBHC ü§î

@Chris_Bavin https://t.co/whDV‚Ä¶",0.6369,0.181,0.0,0.819,4
BBC,Wed Jun 13 16:25:17 +0000 2018,"RT @BBCiPlayer: Witness the might of female factory workers in Dagenham, who fought for equal pay in 1968. üí™ üôåüèæ 
#MadeinDagenham: https://t‚Ä¶",-0.4019,0.0,0.163,0.837,5
BBC,Wed Jun 13 16:01:03 +0000 2018,'Black people think I have white privilege.' https://t.co/SoNEFZfdZ6,0.0,0.0,0.0,1.0,6
BBC,Wed Jun 13 12:47:08 +0000 2018,RT @bbcarts: Flags by artists including Grayson Perry (@Alan_Measles) and Cornelia Parker have appeared across London's West End as the @ro‚Ä¶,0.0,0.0,0.0,1.0,7
BBC,Wed Jun 13 12:03:07 +0000 2018,‚ö°Ô∏è Meet Hertha Ayrton ‚Äì the woman who shaped how we use electricity. https://t.co/LZnr5wtYNy,0.0,0.0,0.0,1.0,8
BBC,Wed Jun 13 11:00:15 +0000 2018,"Did you know you've had an accent since birth?

üó£ Seven things you need to hear about your voice.
üëâ‚Ä¶ https://t.co/3OGd30hpVQ",0.0,0.0,0.0,1.0,9
BBC,Wed Jun 13 10:15:53 +0000 2018,"A daredevil raccoon in St Paul, Minnesota, has had the internet on tenterhooks after scaling 23 floors of a buildin‚Ä¶ https://t.co/tqjQwFVL3I",0.128,0.077,0.0,0.923,10
BBC,Wed Jun 13 09:36:59 +0000 2018,"üò≤‚ö±Ô∏è An 18th Century Chinese vase, left for decades in a shoebox in France, has sold for 16.2m euros (¬£14.2m).
üëâ‚Ä¶ https://t.co/7atcYClrRw",0.0,0.0,0.0,1.0,11
BBC,Wed Jun 13 09:09:15 +0000 2018,RT @BBCFOUR: We're celebrating female voices and achievements across the BBC to mark 100 years since women got the vote. So here's to @Elli‚Ä¶,0.5719,0.139,0.0,0.861,12
BBC,Wed Jun 13 08:00:04 +0000 2018,"üê¶üê¶üê¶
Do these photos change your view of pigeons? https://t.co/SQKBEWW3Fs",0.0,0.0,0.0,1.0,13
BBC,Wed Jun 13 07:26:10 +0000 2018,"üå±üëÄ Shengshan island in China's eastern Zhejiang province is home to Houtouwan, an abandoned village that has become‚Ä¶ https://t.co/66x0Zg6TOm",-0.4588,0.0,0.143,0.857,14
BBC,Wed Jun 13 07:00:15 +0000 2018,"üé∂ SOUND ON üé∂ 
üíô This is the most relaxing way to start your day.
#OurBluePlanet w/ @OceanX https://t.co/powXPfRdat",0.5413,0.189,0.0,0.811,15
BBC,Tue Jun 12 19:01:04 +0000 2018,"üñ• The US has debuted the world's fastest supercomputer and it can process 200 petaflops per second.
üëâ‚Ä¶ https://t.co/6vWlmLR2nT",0.0,0.0,0.0,1.0,16
BBC,Tue Jun 12 18:07:04 +0000 2018,This is the remarkable story of a convent of Mexican nuns helping to save one of the world's most endangered amphib‚Ä¶ https://t.co/onravMF7l2,0.8402,0.333,0.0,0.667,17
BBC,Tue Jun 12 17:01:05 +0000 2018,"ü§¢ How long has it been since you last washed your tea towel?

Multi-use of tea towels is putting households at risk‚Ä¶ https://t.co/PHJy8gmVSX",0.0,0.0,0.0,1.0,18
BBC,Tue Jun 12 16:00:03 +0000 2018,"üá∏üá™üôä Learn how to swear like a Swede! 

(via @BBCRadio4) https://t.co/S789Be360L",0.3802,0.233,0.1,0.667,19
BBC,Tue Jun 12 15:36:53 +0000 2018,RT @bbcwritersroom: Find out how we created 4 brand new #comedy monologues across the UK for the #BiggestWeekend festival and watch all 4 n‚Ä¶,0.6369,0.206,0.0,0.794,20
BBC,Tue Jun 12 15:14:54 +0000 2018,RT @BBCOne: .@StaceyDooley investigates the changing face of women's protests. https://t.co/1cdtKOdQ50,-0.2263,0.0,0.16,0.84,21
BBC,Tue Jun 12 15:01:55 +0000 2018,"üòÇ Charlie Chaplin: The original distracted boyfriend.
üëâ https://t.co/SplrRVbEzo https://t.co/5pYs0lIMcM",-0.0258,0.215,0.224,0.561,22
BBC,Tue Jun 12 14:38:12 +0000 2018,"RT @bbcarts: 100 years after women won the right to vote, and with the #MeToo movement making waves around the world, are we really any clo‚Ä¶",0.5719,0.129,0.0,0.871,23
BBC,Tue Jun 12 13:02:04 +0000 2018,"The ""Sensational Six"" have been friends for 40 years. After one of the group died from cancer, this photo inspired‚Ä¶ https://t.co/grOw4K4mEA",-0.7096,0.107,0.275,0.619,24
BBC,Tue Jun 12 12:15:37 +0000 2018,"RT @BBCR1: How special is this cover?!

@5SOS take on @AliceMerton's 'No Roots' in the Live Lounge üíï https://t.co/EmYc7O524x",0.2003,0.141,0.104,0.755,25
BBC,Tue Jun 12 12:00:21 +0000 2018,üôå Meet the 10-year-old with cerebral palsy who's won a modelling contract. https://t.co/UxQFh12fPX,0.5719,0.27,0.0,0.73,26
BBC,Tue Jun 12 11:04:42 +0000 2018,"RT @bbcrb: Who doesn't love Gromit?
Even his biggest fans won't have seen him like THIS before! üòÆ‚úàÔ∏è https://t.co/8jvF1G1EeC",-0.2869,0.108,0.158,0.734,27
BBC,Tue Jun 12 11:03:02 +0000 2018,"ü•í Use a wooden chopping board 
üçÑ Stop peeling your mushrooms
ü§î Throw your spaghetti at the wall... 

Here are 10 co‚Ä¶ https://t.co/e8RCeFoJvg",-0.296,0.0,0.109,0.891,28
BBC,Tue Jun 12 10:21:42 +0000 2018,Captain Mainwaring and his comrades are to feature on a new set of stamps to mark the 50th anniversary of the class‚Ä¶ https://t.co/h8wGtRaGtO,0.0,0.0,0.0,1.0,29
BBC,Tue Jun 12 10:10:18 +0000 2018,"RT @BBCR1: ‚ú®üí´ Today's the day! üí´‚ú®

Make sure you're listening to @claraamfo to hear @5SOS perform in the Live Lounge at 12pm üëâ https://t.co‚Ä¶",0.3802,0.101,0.0,0.899,30
BBC,Tue Jun 12 09:34:55 +0000 2018,RT @bbcthree: Robert Lee quit his well paid Wall Street job to feed the homeless https://t.co/OHl500fXn1,0.2732,0.123,0.0,0.877,31
BBC,Tue Jun 12 08:25:43 +0000 2018,"RT @bbcgetinspired: History will be made at the #WorldCup 

Here's @LivCookefs to get you in the mood. Could you do these super skills? #Ge‚Ä¶",0.5994,0.145,0.0,0.855,32
BBC,Tue Jun 12 08:00:18 +0000 2018,"üîäüê¶ Ever heard a beatboxing starling? 
#Springwatch https://t.co/N758EN4j3s",0.0,0.0,0.0,1.0,33
BBC,Tue Jun 12 07:28:06 +0000 2018,"üßüüì± A Chinese city has introduced a special pedestrian lane on one of its roads, exclusively for slow-walking smartp‚Ä¶ https://t.co/rBVq8RO5KN",0.4019,0.137,0.0,0.863,34
BBC,Tue Jun 12 07:00:10 +0000 2018,This new service uses a smartphone and camera glasses to help blind or partially sighted people. https://t.co/5Ca4REP9xU,0.0,0.139,0.139,0.722,35
BBC,Mon Jun 11 18:00:20 +0000 2018,"'Everything that happened, could have been prevented. But it wasn't.'
#Grenfell | 8.30pm | @BBCOne https://t.co/WN4aCfoNTA",0.0258,0.078,0.0,0.922,36
BBC,Mon Jun 11 17:31:06 +0000 2018,"Follow top female wrestler Kimberly Benson, aka Viper, as she fights in some of the most important matches of her c‚Ä¶ https://t.co/KE73F2VSI8",0.0498,0.152,0.105,0.742,37
BBC,Mon Jun 11 16:00:11 +0000 2018,"üö∫üòÇ @SandiToksvig can't get a moment of peace. 
#QI https://t.co/D9YlBYFxpp",0.5423,0.304,0.0,0.696,38
BBC,Mon Jun 11 15:18:53 +0000 2018,RT @BBCr4today: The building blocks of life have been found on Mars and @SanjeevGupta45 says it's an exciting prospect üëΩ #r4today https://t‚Ä¶,0.5423,0.213,0.075,0.711,39
BBC,Mon Jun 11 15:11:47 +0000 2018,"RT @bbc5live: ""Be in charge of your own happiness"" üí™

 Inspiring words from champion wrestler @missviper91!

#FightLikeAGirl is on @BBCOne‚Ä¶",0.8908,0.398,0.0,0.602,40
BBC,Mon Jun 11 15:03:32 +0000 2018,"'My mum had tears coming out of her eyes'. 

‚ù§Ô∏è This Sikh soldier became the first person to wear a turban for the‚Ä¶ https://t.co/op7eX7mW5x",-0.2263,0.0,0.079,0.921,41
BBC,Mon Jun 11 14:25:15 +0000 2018,"The UK could see an end to homelessness within 10 years if the government embraces certain policies, according to t‚Ä¶ https://t.co/7aqYA3BaEE",0.2732,0.095,0.0,0.905,42
BBC,Mon Jun 11 13:03:03 +0000 2018,"Think bacteria are bad? Think again. ü•õü•íüßÄ

These are things you should eat to get a healthy gut. üëâ‚Ä¶ https://t.co/ZS4UEckeoR",-0.2023,0.116,0.151,0.733,43
BBC,Mon Jun 11 12:01:04 +0000 2018,‚öΩ What's it like to be the most powerful woman in international sport? https://t.co/MqcaxKtJeH,0.6801,0.337,0.0,0.663,44
BBC,Mon Jun 11 11:03:13 +0000 2018,RT @BBCNews: 'I'm glad I was the first guardsman to wear a turban' https://t.co/fL4yzmOAPU,0.4588,0.214,0.0,0.786,45
BBC,Mon Jun 11 11:03:05 +0000 2018,"Is visual learning a myth?  ü§îüìö‚úç

Studies have been unable to find robust evidence to suggest matching teaching to p‚Ä¶ https://t.co/Ltv1kIAf2h",0.34,0.112,0.0,0.888,46
BBC,Mon Jun 11 10:12:03 +0000 2018,"We're celebrating female voices and achievements across the BBC to mark 100 years since women got the vote.

Here's‚Ä¶ https://t.co/5mfz9HMRb8",0.5719,0.163,0.0,0.837,47
BBC,Mon Jun 11 08:01:05 +0000 2018,üå≠üê∂ Two hundred dachshunds in one place... yes please! https://t.co/2ugZtgmBZ7,0.6476,0.398,0.0,0.602,48
BBC,Mon Jun 11 07:29:06 +0000 2018,"From fallopian tubes to the G-spot, women‚Äôs body parts have been named by ‚Äì and after ‚Äì men. 

Does it matter?
üëâ‚Ä¶ https://t.co/AYYGElSo0U",0.0258,0.052,0.0,0.948,49
BBC,Mon Jun 11 07:03:07 +0000 2018,"üê∫üèîüå≤üéß
Need to relax? 

Sit back, close your eyes and LISTEN to the incredible sounds of Alaska... https://t.co/oxXS1KWHKW",0.4404,0.146,0.0,0.854,50
BBC,Sun Jun 10 19:04:08 +0000 2018,"As the Poldarks look to rebuild their marriage, Cornwall struggles under Warleggan pressure. 

#Poldark | 9pm |‚Ä¶ https://t.co/yPvJnKdRr9",-0.5719,0.0,0.239,0.761,51
BBC,Sun Jun 10 18:02:27 +0000 2018,Can we interest you in a little cockroach milk to go with your cereal? Because this could be the next big food fad.‚Ä¶ https://t.co/Vk8TrTfYQr,0.4588,0.12,0.0,0.88,52
BBC,Sun Jun 10 17:03:05 +0000 2018,Emily Davison became a martyr to the suffragette cause after running in front of the king's horse at the Epsom Derb‚Ä¶ https://t.co/ULpY95lcsi,0.0,0.0,0.0,1.0,53
BBC,Sun Jun 10 16:02:05 +0000 2018,Little girls don‚Äôt stay little forever. https://t.co/3yThJBbcUs,0.0,0.0,0.0,1.0,54
BBC,Sun Jun 10 15:22:00 +0000 2018,"RT @BBCOne: ""We are woman, we have loud voices and lightbulb hearts...
Our bodies are like miracles, we are proud of what we are.""

Celebra‚Ä¶",0.6808,0.196,0.0,0.804,55
BBC,Sun Jun 10 15:19:47 +0000 2018,"RT @BBCOne: Women across the UK are marching together to create a living artwork, to mark 100 years since the first British women won the v‚Ä¶",0.7003,0.201,0.0,0.799,56
BBC,Sun Jun 10 15:01:05 +0000 2018,"Is feminism actually just a war on men? @RachelParris has some thoughts... üòÇ
#TheMashReport https://t.co/t31I5bFWgn",-0.5994,0.0,0.245,0.755,57
BBC,Sun Jun 10 14:38:18 +0000 2018,"RT @CBeebiesHQ: Would you consider an alternative to mainstream education? 

@BBCNews #SundayThoughts https://t.co/hwileHwd1K",0.0,0.0,0.0,1.0,58
BBC,Sun Jun 10 14:37:55 +0000 2018,"RT @BBCOne: We're celebrating female voices and achievements across the BBC to mark 100 years since women got the vote. 

Hands up to Bake‚Ä¶",0.5719,0.139,0.0,0.861,59
BBC,Sun Jun 10 12:12:42 +0000 2018,"RT @bbcarts: 100 years after the Suffragettes won the right to vote, women will gather in the streets of Belfast, Cardiff, Edinburgh and Lo‚Ä¶",0.5719,0.139,0.0,0.861,60
BBC,Sun Jun 10 12:02:04 +0000 2018,"Kirsty Young presents live coverage of the processions across London, Edinburgh, Cardiff and Belfast to mark the ce‚Ä¶ https://t.co/MMZLWLI5uG",0.0,0.0,0.0,1.0,61
BBC,Sun Jun 10 10:58:07 +0000 2018,Can you believe these wonders are beneath UK waters? https://t.co/BJ3SEEIjDN,0.0,0.0,0.0,1.0,62
BBC,Sun Jun 10 10:28:00 +0000 2018,"In 1913, Emily Wilding Davison made the ultimate sacrifice in the fight for women's right to vote.
#HearHer #Vote100 https://t.co/qr7UAIPtGr",-0.3818,0.0,0.12,0.88,63
BBC,Sun Jun 10 10:11:08 +0000 2018,RT @BBCTwo: We're celebrating female voices and achievements across the BBC to mark 100 years since women got the vote. So here's to Polly‚Ä¶,0.5719,0.139,0.0,0.861,64
BBC,Sun Jun 10 10:01:05 +0000 2018,"Learning to embrace that sinking, nagging feeling we get when we realise we have made the wrong choice. 
üëâ‚Ä¶ https://t.co/HlxIqK5SHb",-0.4588,0.148,0.227,0.625,65
BBC,Sun Jun 10 09:01:05 +0000 2018,How the suffragettes woke us up. https://t.co/WrXoMnNNIZ,0.0,0.0,0.0,1.0,66
BBC,Sun Jun 10 08:01:04 +0000 2018,"‚ù§Ô∏è The moment actor Maisie Sly, who's deaf, finds out she's going to meet the Queen!  https://t.co/0D0gJq0rgE",0.0,0.0,0.0,1.0,67
BBC,Sun Jun 10 07:03:02 +0000 2018,"This elderly man was struggling slowly across a busy road in China - but luckily, help was at hand! https://t.co/xfCtAOkL6F",0.9134,0.442,0.067,0.491,68
BBC,Sat Jun 09 20:04:00 +0000 2018,"Would you describe yourself as a feminist?
#HearHer https://t.co/RZh8XfEria",0.0,0.0,0.0,1.0,69
BBC,Sat Jun 09 19:02:05 +0000 2018,"What is it like being Germaine Greer? This observational documentary spends time with her and finds out.

Germaine‚Ä¶ https://t.co/YauZn2kit4",0.3612,0.122,0.0,0.878,70
BBC,Sat Jun 09 18:04:03 +0000 2018,"The cast of @QueerEye brought a bag of goodies along to @BBCR1's #BiggestWeekend üòçüéÅ

Here's what @tanfrance,‚Ä¶ https://t.co/c82OxTDXfI",0.0,0.0,0.0,1.0,71
BBC,Sat Jun 09 17:01:05 +0000 2018,"One hundred years after some women won the right to vote, @ScarlettMoffatt tells the story of the suffragettes. https://t.co/B8gr3KbzkJ",0.5719,0.171,0.0,0.829,72
BBC,Sat Jun 09 16:04:03 +0000 2018,"A year on from the Grenfell Tower fire, Sean and his charity have been supporting children affected by the tragedy,‚Ä¶ https://t.co/GXtypl36BW",0.4019,0.222,0.156,0.623,73
BBC,Sat Jun 09 15:02:02 +0000 2018,One shocking day of sexual violence from the police altered the suffragettes' political strategy forever.‚Ä¶ https://t.co/O1pfqAhXLa,-0.7783,0.0,0.327,0.673,74
BBC,Sat Jun 09 14:04:02 +0000 2018,‚ù§Ô∏èÔ∏è This is what love looks like. https://t.co/Qle1eoBU5x,0.7717,0.528,0.0,0.472,75
BBC,Sat Jun 09 13:24:03 +0000 2018,"üòÜ @ChanningTatum and @UsainBolt have all the moves.  
#TheGNShow https://t.co/ry6TVJ6b6P",0.0,0.0,0.0,1.0,76
BBC,Sat Jun 09 13:03:06 +0000 2018,"Fifty nations are now taking action to reduce plastic pollution, according to the biggest report so far from the‚Ä¶ https://t.co/cz3KvhuKb4",0.0,0.0,0.0,1.0,77
BBC,Sat Jun 09 12:23:25 +0000 2018,RT @BBCNews: The Royal family watch the RAF flypast from Buckingham Palace. 23 aircraft are taking part to mark the Queen's official birthd‚Ä¶,0.0,0.0,0.0,1.0,78
BBC,Sat Jun 09 12:03:00 +0000 2018,Your friend that likes gin will LOVE this. #TopOfTheShop üòç #WorldGinDay https://t.co/0y9sqjluRF,0.8986,0.577,0.0,0.423,79
BBC,Sat Jun 09 11:10:52 +0000 2018,RT @BBCNews: The Trooping the Colour parade which marks the Queen's official birthday is underway in London. The Queen and Duke and Duchess‚Ä¶,0.0,0.0,0.0,1.0,80
BBC,Sat Jun 09 11:04:08 +0000 2018,"üòÇ Fashion sense v common sense: the battle rages on.

Is the 'fanny pack shoe' an ugly fashion step too far?
üëâ‚Ä¶ https://t.co/WJ11O2gJxE",-0.8402,0.0,0.333,0.667,81
BBC,Sat Jun 09 10:10:06 +0000 2018,"As football fans across the globe look forward to #Russia2018, @mrdanwalker looks back at England's World Cup-winni‚Ä¶ https://t.co/3w7JJV7JwI",0.0,0.0,0.0,1.0,82
BBC,Sat Jun 09 10:09:40 +0000 2018,"RT @bbcstories: Ever wondered why alcohol can seem to solve all our problems, but ends up making them even worse? This doctor‚Äôs explanation‚Ä¶",-0.6808,0.051,0.219,0.73,83
BBC,Sat Jun 09 08:55:42 +0000 2018,"RT @BBCBreakfast: Yep, this is real... Russian hosts are being taught how to smile to make visitors feel welcome to the World Cup. üòÅ
#BBCWo‚Ä¶",0.7717,0.268,0.0,0.732,84
BBC,Sat Jun 09 08:54:21 +0000 2018,"RT @bbcrb: Just amazing.
The WHOLE community was invited to this Iftar meal. THOUSANDS turned up! üôåüôå https://t.co/WAOYvHIbx3",0.6239,0.194,0.0,0.806,85
BBC,Sat Jun 09 08:53:14 +0000 2018,RT @bbccomedy: Dame Emma Thompson! ‚ù§Ô∏è #QueensBirthdayHonours https://t.co/sGDU1GC3SU,0.0,0.0,0.0,1.0,86
BBC,Sat Jun 09 08:52:54 +0000 2018,"RT @BBC6Music: Which riffs do you wish you had written?

ü§ò @st_vincent had some brilliant suggestions when she took over our Instagram toda‚Ä¶",0.7579,0.245,0.0,0.755,87
BBC,Sat Jun 09 08:52:46 +0000 2018,RT @BBCArtsPR: Our very own @wmarybeard has received a damehood in the Queen's birthday honours list - congratulations Mary! @bbcarts @BBCF‚Ä¶,0.8122,0.303,0.0,0.697,88
BBC,Sat Jun 09 08:52:33 +0000 2018,RT @bbcarts: Women across Britain raise banners for suffrage &amp; what it means to be a C21st woman. See selection of brilliant banners prior‚Ä¶,0.5859,0.147,0.0,0.853,89
BBC,Sat Jun 09 08:50:01 +0000 2018,"RT @BBCEngland: Britain's longest-serving poppy seller, 103-year-old Rosemary Powell, has been appointed an MBE in the Queen's birthday hon‚Ä¶",0.0,0.0,0.0,1.0,90
BBC,Sat Jun 09 08:32:05 +0000 2018,"üá¨üáß @huwbbc introduces live coverage of the military parade to mark the official birthday of HM the Queen. 

Troopin‚Ä¶ https://t.co/y1b6OpOoey",0.0,0.0,0.0,1.0,91
BBC,Sat Jun 09 07:28:04 +0000 2018,"The charming and beautiful films of Lotte Reiniger, forgotten pioneer of animation. https://t.co/T2N7eLjHKh",0.7783,0.393,0.097,0.51,92
BBC,Fri Jun 08 20:04:03 +0000 2018,"üé∂ Tonight, @ArcticMonkeys perform live for @BBCR1 at the legendary Maida Vale studios.

Artic Monkeys Live at the B‚Ä¶ https://t.co/l8FI1nOTWY",0.0,0.0,0.0,1.0,93
BBC,Fri Jun 08 18:09:05 +0000 2018,üíÉüï∫ Why does dancing with our friends make us feel so good? https://t.co/iokI919nJp,0.7809,0.383,0.0,0.617,94
BBC,Fri Jun 08 17:03:04 +0000 2018,üé∂ü¶àüöÄüöó From jazz-loving sharks to @elonmusk shooting his car into space: these are the 7 funniest news stories of the‚Ä¶ https://t.co/TN5XaD9I0k,0.5574,0.159,0.0,0.841,95
BBC,Fri Jun 08 16:02:00 +0000 2018,Leaving your responsibilities behind on a Friday like... üíÅüëã #FridayFeeling @taylorswift13 https://t.co/wvmpzlOSel,0.0,0.0,0.0,1.0,96
BBC,Fri Jun 08 13:03:05 +0000 2018,"üì∫ From drama Succession to the return of @PoldarkTV, here are the TV shows worth watching in June. 
üëâ‚Ä¶ https://t.co/VFdghjNGmK",0.4019,0.179,0.0,0.821,97
BBC,Fri Jun 08 12:28:10 +0000 2018,RT @bbcouch: We can announce today that Britain's Got Talent winner @LostVoiceGuy will be hosting our Storytelling Live event at @edfringe!‚Ä¶,0.784,0.266,0.0,0.734,98
BBC,Fri Jun 08 12:24:37 +0000 2018,"RT @BBCEarth: We all have a part to play in protecting #OurBluePlanet.
#WorldOceansDay üíô https://t.co/1TM73iYPmA",0.34,0.167,0.0,0.833,99
BBC,Fri Jun 08 12:19:25 +0000 2018,"üíî US celebrity chef and television personality Anthony Bourdain has been found dead in his hotel room, aged 61.
üëâ‚Ä¶ https://t.co/55jBxSrdUS",-0.6486,0.0,0.185,0.815,100
CBS,Tue Jun 12 00:19:23 +0000 2018,"No pain, no gain, ALL Hart! Just one month until the premiere of @TKOCBS hosted by @KevinHart4real. https://t.co/C1yMCglxVn",-0.5562,0.134,0.315,0.551,1
CBS,Mon Jun 11 22:23:06 +0000 2018,"RT @TheNeighborhood: Welcome to #TheNeighborhood, @BethBehrs! The @2BrokeGirls star returns to @CBS in a new sitcom alongside @CedEntertain‚Ä¶",0.5093,0.171,0.0,0.829,2
CBS,Mon Jun 11 19:01:38 +0000 2018,"In case you missed it, watch the entire #TonyAwards now: https://t.co/Bm0yNV3Ff3 https://t.co/3GA5otlcPa",-0.296,0.0,0.167,0.833,3
CBS,Mon Jun 11 14:00:37 +0000 2018,How do you know @SaraBareilles and @joshgroban's music? #TonyAwards https://t.co/POMXBORfUT,0.0,0.0,0.0,1.0,4
CBS,Mon Jun 11 06:19:36 +0000 2018,Here are all the performances from the 2018 #TonyAwards: https://t.co/gN4ItpFlRd https://t.co/fSMNBXKC9r,0.0,0.0,0.0,1.0,5
CBS,Mon Jun 11 06:04:41 +0000 2018,See the complete list of winners from the 2018 #TonyAwards: https://t.co/9XK6CGeber https://t.co/HkUIN4Quej,0.4767,0.22,0.0,0.78,6
CBS,Mon Jun 11 03:10:33 +0000 2018,An end to a magical evening. The Band's Visit wins for Best Musical! #TonyAwards https://t.co/ODza97n8YH,0.8478,0.406,0.0,0.594,7
CBS,Mon Jun 11 03:02:06 +0000 2018,Congratulations are in order for @TheKatrinaLenk! She just won for Best Leading Actress in a Musical. #TonyAwards https://t.co/t9bNvpiEmH,0.92,0.463,0.0,0.537,8
CBS,Mon Jun 11 02:58:30 +0000 2018,"RT @CBSThisMorning: Hmm... something seems off here @SaraBareilles @JoshGroban. üòÇ

@WaitressMusical @GreatCometBway #TonyAwards https://t.c‚Ä¶",0.0,0.0,0.0,1.0,9
CBS,Mon Jun 11 02:56:40 +0000 2018,RT @_stobin13: watching the #TonyAwards after going to 3 broadway shows this weekend makes it even better üòçü§©,0.4404,0.153,0.0,0.847,10
CBS,Mon Jun 11 02:56:10 +0000 2018,Tony Shalhoub wins Best Leading Actor in a Musical. #TonyAwards   #TheBandsVisit https://t.co/KcUDSicKI5,0.836,0.467,0.0,0.533,11
CBS,Mon Jun 11 02:53:00 +0000 2018,The Boss looks right at home on the #TonyAwards stage! https://t.co/pwjv4iydkn,0.0,0.0,0.0,1.0,12
CBS,Mon Jun 11 02:47:29 +0000 2018,RT @Aatamianphoto: Springsteen is on the #TonyAwards and I love it.,0.6369,0.318,0.0,0.682,13
CBS,Mon Jun 11 02:44:50 +0000 2018,Inspiration: Get to your YES! #OnceOnThisIsland #TonyAwards https://t.co/Wjp0QIWfXq,0.7978,0.543,0.0,0.457,14
CBS,Mon Jun 11 02:44:37 +0000 2018,The feeling when you win a Tony. üôå¬†Congratulations to Once on This Island for winning Best Revival of a Musical!‚Ä¶ https://t.co/UpFCqgBTwh,0.9523,0.55,0.0,0.45,15
CBS,Mon Jun 11 02:33:09 +0000 2018,What a beautiful performance by the cast of #TheBandsVisit. #TonyAwards https://t.co/4Hw96kZvrf,0.5994,0.302,0.0,0.698,16
CBS,Mon Jun 11 02:29:18 +0000 2018,"""I'm a living example of how theatre can change you - and it didn't just change me, it saved me."" @JohnLeguizamo at‚Ä¶ https://t.co/4ICwMhb6hv",0.4215,0.123,0.0,0.877,17
CBS,Mon Jun 11 02:23:56 +0000 2018,Angels in America takes the win for Best Revival of a Play! #TonyAwards https://t.co/zodW61tw8a,0.8932,0.517,0.0,0.483,18
CBS,Mon Jun 11 02:21:03 +0000 2018,"RT @leahableson: The Once On This Island Goat And Chicken made it to the broadcast, Mama WILL provide #TonyAwards",0.0,0.0,0.0,1.0,19
CBS,Mon Jun 11 02:16:06 +0000 2018,That performance was the GOAT. #TonyAwards https://t.co/mtoU92HipQ,0.0,0.0,0.0,1.0,20
CBS,Mon Jun 11 02:11:03 +0000 2018,Harry Potter and the Cursed Child wins Best Play at the #TonyAwards! @HPPlayNYC https://t.co/WIqJQmtAlN,0.8908,0.491,0.0,0.509,21
CBS,Mon Jun 11 02:05:47 +0000 2018,üé∂ ‚ÄúLet's dance this last dance tonight.‚Äù üé∂ #TonyAwards #DonnaSummerMusical https://t.co/UAIaglChfv,0.0,0.0,0.0,1.0,22
CBS,Mon Jun 11 02:03:31 +0000 2018,Hope he brought enough birthday cake for everyone! #TonyAwards https://t.co/FlLbKV6oj8,0.4926,0.262,0.0,0.738,23
CBS,Mon Jun 11 01:58:48 +0000 2018,@writerlindsayb You're welcome! #TonyAwards,0.5093,0.523,0.0,0.477,24
CBS,Mon Jun 11 01:53:17 +0000 2018,RT @hjmayer8: I sure do love @DearEvanHansen üíô #TonyAwards,0.7579,0.565,0.0,0.435,25
CBS,Mon Jun 11 01:51:16 +0000 2018,"RT @Valerie4815: What a birthday present, the Tony audience singing happy birthday to you!! #TonyAwards",0.6467,0.248,0.0,0.752,26
CBS,Mon Jun 11 01:38:23 +0000 2018,If only this performance could go on forever. #TonyAwards @FrozenBroadway https://t.co/p2BMUvyTxr,0.0,0.0,0.0,1.0,27
CBS,Mon Jun 11 01:37:36 +0000 2018,RT @anna_villanueva: Magnificent performance from the cast of @FrozenBroadway! #TonyAwards2018 #TonyAwards #Tonys,0.636,0.276,0.0,0.724,28
CBS,Mon Jun 11 01:30:56 +0000 2018,Glenda Jackson wins Best Leading Actress in a Play. #TonyAwards @threetallwomen https://t.co/GRp1gcBuiW,0.8834,0.563,0.0,0.437,29
CBS,Mon Jun 11 01:29:21 +0000 2018,.@SaraBareilles is totally a Gryffindor. #TonyAwards https://t.co/OPQ7esk2dn,0.0,0.0,0.0,1.0,30
CBS,Mon Jun 11 01:26:03 +0000 2018,RT @IzzyNY202: How impressive are these Marjory Stoneman Douglas students? That #TonyAwards performance reduced me to tears. Amazing.,0.7351,0.296,0.079,0.625,31
CBS,Mon Jun 11 01:25:59 +0000 2018,RT @KatLargent: MAGIC #TonyAwards,0.0,0.0,0.0,1.0,32
CBS,Mon Jun 11 01:24:46 +0000 2018,Such a touching moment at the #TonyAwards. ‚ù§Ô∏è https://t.co/4kJWTHVPZ8,0.0,0.0,0.0,1.0,33
CBS,Mon Jun 11 01:24:12 +0000 2018,.@Matt_Morrison welcomes the Marjory Stoneman Douglas High School theatre department to the stage. #TonyAwards https://t.co/5dxa9smeka,0.4019,0.162,0.0,0.838,34
CBS,Mon Jun 11 01:19:59 +0000 2018,So many feels at the #TonyAwards. Congratulations to @arielstachel for winning Best Featured Actor in a Musical!‚Ä¶ https://t.co/m1aRNIHPRK,0.9151,0.457,0.0,0.543,35
CBS,Mon Jun 11 01:12:31 +0000 2018,RT @McBenefit: I love everything about you @UzoAduba. #TonyAwards,0.6369,0.375,0.0,0.625,36
CBS,Mon Jun 11 01:08:28 +0000 2018,RT if that musical number by the cast of Carousel blew you away! #TonyAwards https://t.co/CMzMNtcAQO,0.1511,0.102,0.0,0.898,37
CBS,Mon Jun 11 01:08:24 +0000 2018,Nathan Lane saw his #AngelsinAmerica role as a challenge. How will you challenge yourself in 2018? #TonyAwards https://t.co/3WXd6AqgBi,0.1531,0.148,0.0,0.852,38
CBS,Mon Jun 11 01:02:47 +0000 2018,Nathan Lane wins Best Featured Actor in a Play. #TonyAwards @angelsbway https://t.co/xc8M7JtLDE,0.8834,0.563,0.0,0.437,39
CBS,Mon Jun 11 00:58:06 +0000 2018,üåü¬†@joshgroban and @SaraBareilles are Host Goals. üåü #TonyAwards https://t.co/OGQec8cXJ6,0.0,0.0,0.0,1.0,40
CBS,Mon Jun 11 00:52:34 +0000 2018,RT @adub369: This is unbelievable! @SaraBareilles and @joshgroban #TonyAwards,0.2714,0.207,0.0,0.793,41
CBS,Mon Jun 11 00:51:11 +0000 2018,Who lives in a pineapple and just performed at The Tonys? üççüé∂ The cast of SpongeBob SquarePants: The Musical!‚Ä¶ https://t.co/mvFxdh9UJi,0.0,0.0,0.0,1.0,42
CBS,Mon Jun 11 00:50:18 +0000 2018,‚ú® @LindsayMendez wins Best Featured Actress in a Musical! #TonyAwards @carouselbway https://t.co/MtgFowscN5,0.8478,0.506,0.0,0.494,43
CBS,Mon Jun 11 00:45:14 +0000 2018,A big congratulations to @springsteen for his Special Tony award! ‚ú®¬†#TonyAwards https://t.co/i16u8uv9aT,0.8858,0.565,0.0,0.435,44
CBS,Mon Jun 11 00:44:36 +0000 2018,Can the 73rd annual #TonyAwards just be three-hours of @TitussBurgess? https://t.co/3rCZwwTUtv,0.0,0.0,0.0,1.0,45
CBS,Mon Jun 11 00:35:41 +0000 2018,"RT @CBSThisMorning: ""We know there are a lot of you out there who have photos of yourself in school plays or community theater."" Post your‚Ä¶",0.25,0.08,0.0,0.92,46
CBS,Mon Jun 11 00:34:45 +0000 2018,Keep your acceptance speeches short or else the #TonyAwards will get the angels involved. #AngelsInAmerica üëº https://t.co/oznhezRzDc,0.4588,0.167,0.0,0.833,47
CBS,Mon Jun 11 00:31:28 +0000 2018,"If you haven't started singing, you will be the rest of the night. #TonyAwards #MyFairLady https://t.co/jbGXwnru8N",0.0,0.0,0.0,1.0,48
CBS,Mon Jun 11 00:27:42 +0000 2018,RT @marialena_rago: I like this opener for @MyFairLadyBway #TonyAwards,0.3612,0.263,0.0,0.737,49
CBS,Mon Jun 11 00:27:00 +0000 2018,Laurie Metcalf wins Best Featured Actress in a Play! #TonyAwards @threetallwomen https://t.co/y4teyJaRPs,0.8908,0.57,0.0,0.43,50
CBS,Mon Jun 11 00:24:31 +0000 2018,Tina Fey has a boat?? #MeanGirls #TonyAwards https://t.co/phYxmHMd3d,0.0,0.0,0.0,1.0,51
CBS,Mon Jun 11 00:22:15 +0000 2018,Representing the hardest-working men and women in Broadway‚Ä¶¬†ensemble members from every nominated musical tonight!‚Ä¶ https://t.co/imlEEnOUla,0.0,0.0,0.0,1.0,52
CBS,Mon Jun 11 00:22:15 +0000 2018,RT @misschae: I love theatre so much. #TonyAwards,0.6369,0.412,0.0,0.588,53
CBS,Mon Jun 11 00:18:16 +0000 2018,On Wednesdays they wear pink and on Sundays they perform at the #TonyAwards. üíï Who thought that performance by the‚Ä¶ https://t.co/w7QDkaX6kF,0.0,0.0,0.0,1.0,54
CBS,Mon Jun 11 00:13:27 +0000 2018,"RT @MichaelJMoritz: ""We are all made perfectly and we all belong‚Äù - Andrew Garfield #TonyAwards",0.6369,0.244,0.0,0.756,55
CBS,Mon Jun 11 00:12:31 +0000 2018,Andrew Garfield wins Best Leading Actor in a Play. #TonyAwards @angelsbway https://t.co/s2VQnw6IPP,0.8834,0.563,0.0,0.437,56
CBS,Mon Jun 11 00:06:39 +0000 2018,"RT @nightingalen: Love this opening song! @joshgroban
@SaraBarreilles 
#TonyAwards",0.6696,0.36,0.0,0.64,57
CBS,Mon Jun 11 00:04:15 +0000 2018,‚ú® @joshgroban and @SaraBareilles take the stage to begin an unforgettable evening. #TonyAwards https://t.co/y9uzlK2DzO,0.0,0.0,0.0,1.0,58
CBS,Sun Jun 10 23:59:00 +0000 2018,Grab your popcorn... it's time for the #TonyAwards! Go and stream the entire show now: https://t.co/Wo1algQHix https://t.co/JGYTk4NPDN,0.0,0.0,0.0,1.0,59
CBS,Sun Jun 10 23:18:15 +0000 2018,‚ú® @thegoodfight's Christine Baranski has arrived on the #TonyAwards red carpet! Watch LIVE at 8/7c on CBS! https://t.co/XnXAnPtRrc,0.0,0.0,0.0,1.0,60
CBS,Sun Jun 10 22:01:25 +0000 2018,"The hosts have arrived! We're LIVE with @SaraBareilles, @joshgroban and more on the #TonyAwards red carpet hosted b‚Ä¶ https://t.co/NtarbgywLe",0.0,0.0,0.0,1.0,61
CBS,Sun Jun 10 15:00:01 +0000 2018,Tonight's the night! Join @etnow's @DDirecto on the #TonyAwards' red carpet starting at 5PM ET! https://t.co/hZLOSiIRAT,0.4184,0.157,0.0,0.843,62
CBS,Sat Jun 09 21:00:02 +0000 2018,These two know a thing or two about awards! Watch them light up the stage tomorrow at the #TonyAwards. ‚ú® https://t.co/KHVZp65oLS,0.5093,0.155,0.0,0.845,63
CBS,Sat Jun 09 16:00:00 +0000 2018,Here's everything you need to know before watching the #TonyAwards this Sunday at 8/7c: https://t.co/jcRgNGmLUZ https://t.co/8suUhVPFK6,0.0,0.0,0.0,1.0,64
CBS,Fri Jun 08 19:46:17 +0000 2018,Join @etnow's @DDirecto this Sunday on the #TonyAwards' red carpet. https://t.co/7jS8g10KmY,0.296,0.18,0.0,0.82,65
CBS,Fri Jun 08 15:00:03 +0000 2018,Here's @laChanze with a reminder that you can stream the #TonyAwards this Sunday on CBS All Access! https://t.co/8TDEXzKmyQ,0.0,0.0,0.0,1.0,66
CBS,Fri Jun 08 13:58:15 +0000 2018,"We all get by with a little help from our friends, so what better way to celebrate #NationalBestFriendsDay than to‚Ä¶ https://t.co/pIZezbBwaT",0.9078,0.436,0.0,0.564,67
CBS,Thu Jun 07 17:03:26 +0000 2018,"Get ready for show-stopping performances by the casts of the 2018 Tony-nominated shows Mean Girls, SpongeBob Square‚Ä¶ https://t.co/NiSx9Bbw0F",0.3612,0.128,0.0,0.872,68
CBS,Wed Jun 06 21:00:24 +0000 2018,Don‚Äôt miss a special performance from @springsteen this Sunday at the #TonyAwards: https://t.co/LYYdleaFwU https://t.co/IKkKoITH9y,0.2732,0.176,0.105,0.719,69
CBS,Wed Jun 06 00:08:30 +0000 2018,"RT @CBSThisMorning: .@SaraBareilles and @joshgroban are hosting this Sunday's @TheTonyAwards on @CBS! 

Wednesday, they'll join us LIVE on‚Ä¶",0.3595,0.128,0.0,0.872,70
CBS,Tue Jun 05 22:23:35 +0000 2018,"RT @SU2C: SU2C telecast Co-Executive Producer Bradley Cooper sits down with Mitch Carbon, a pediatric cancer survivor who benefited from #S‚Ä¶",-0.4404,0.1,0.177,0.723,71
CBS,Tue Jun 05 22:12:28 +0000 2018,RT @StrangeAngel: About last night... The #StrangeAngel screening party was a blast! Pun intended. üöÄüòè https://t.co/m64EcNmweY,0.4574,0.176,0.0,0.824,72
CBS,Tue Jun 05 19:00:02 +0000 2018,These CBS stars can really belt it out! Find out which celebs from your favorite shows are pitch-perfect:‚Ä¶ https://t.co/X4zMACFazB,0.5093,0.155,0.0,0.845,73
CBS,Tue Jun 05 15:04:41 +0000 2018,"More stars are set to appear at the #TonyAwards, including @billyjoel, @amyschumer, and @katharinemcphee. See who e‚Ä¶ https://t.co/lPUocBcn9t",0.0,0.0,0.0,1.0,74
CBS,Mon Jun 04 17:00:00 +0000 2018,"The #TonyAwards are just days away, and @joshgroban and @SaraBareilles will bring all they've got to Broadway's Big‚Ä¶ https://t.co/eKkWn6ClSq",0.0,0.0,0.0,1.0,75
CBS,Fri Jun 01 17:39:17 +0000 2018,"Call us old-fashioned, but we donut want you missing out on #NationalDonutDay! Here are a few treats from us to you‚Ä¶ https://t.co/HpzN8bQ3SO",-0.3903,0.062,0.131,0.807,76
CBS,Fri Jun 01 17:00:03 +0000 2018,Remember @Lin_Manuel‚Äôs beautiful sonnet from the 70th Annual Tony Awards¬Æ? Relive some of the greatest moments in‚Ä¶ https://t.co/IZjeQLd58C,0.8442,0.336,0.0,0.664,77
CBS,Thu May 31 23:50:00 +0000 2018,"Good friends @joshgroban and @SaraBareilles are hosting the #TonyAwards together? Well, this is bound to be fun! https://t.co/26Vgzp0s2e",0.8932,0.455,0.0,0.545,78
CBS,Wed May 30 15:07:34 +0000 2018,"The #TonyAwards just got even better because @UzoAduba, @MattBomer, and more stars will be presenting live! Find ou‚Ä¶ https://t.co/hfFBtWo1T9",0.4926,0.151,0.0,0.849,79
CBS,Mon May 28 21:00:01 +0000 2018,"Mark your calendars. @SalvationCBS returns Monday, June 25 at 9/8c! ‚òÑÔ∏è https://t.co/N9pYuhYLRF",0.0,0.0,0.0,1.0,80
CBS,Mon May 28 02:08:19 +0000 2018,RT @thegoodfight: All episodes of season 2 are now available. Stream #TheGoodFight on CBS All Access: https://t.co/k3tn8kR9KC https://t.co/‚Ä¶,0.0,0.0,0.0,1.0,81
CBS,Wed May 23 23:07:38 +0000 2018,Get the popcorn ready! üçø  It's going to be an unforgettable @survivorcbs finale. Make sure to tune in TONIGHT at 8/‚Ä¶ https://t.co/vp0JyqfXMQ,0.6239,0.211,0.0,0.789,82
CBS,Wed May 23 19:02:43 +0000 2018,"RT @StrangeAngel: Every brilliant mind has a dark side. #StrangeAngel launches June 14, only on CBS All Access. https://t.co/y0MZg1BzEB htt‚Ä¶",0.5859,0.174,0.0,0.826,83
CBS,Tue May 22 23:19:40 +0000 2018,Prepare yourself. The @NCIS_CBS season finale is unlike any other. Don't miss it TONIGHT at 8/7c. https://t.co/MOH6uiFc0C,0.1139,0.083,0.0,0.917,84
CBS,Tue May 22 20:02:22 +0000 2018,"Summer heats up with @CBSBigBrother, @SalvationCBS, and the brand-new competition series @TKOCBS. Find out when you‚Ä¶ https://t.co/DxE7OnKs17",0.0,0.0,0.0,1.0,85
CBS,Mon May 21 23:00:01 +0000 2018,Who‚Äôs going to be watching the season finale of @ManWithAPlan tonight? RT if you'll be tuning in at 8:30/7:30c! https://t.co/ARLRtVuGuc,0.0,0.0,0.0,1.0,86
CBS,Sun May 20 20:00:00 +0000 2018,The season finale of @MadamSecretary will leave you speechless! Make sure to tune in tonight at 10/9c. https://t.co/hqxkLZsWpl,0.3382,0.131,0.061,0.808,87
CBS,Sun May 20 17:00:01 +0000 2018,The @NCISLA season finale is going to be a wild ride. Don't miss all of the action starting TONIGHT at 8/7c! https://t.co/PNtUuVf9VQ,0.1867,0.08,0.0,0.92,88
CBS,Sat May 19 08:00:01 +0000 2018,Retweet if you're ready for the #RoyalWedding! https://t.co/k57NM7OrXn,0.4199,0.285,0.0,0.715,89
CBS,Fri May 18 21:00:01 +0000 2018,It's going down (literally) on the Season Finale of @HawaiiFive0CBS when a submarine appears off the coast of Waiki‚Ä¶ https://t.co/oD7Le5XUz6,0.0,0.0,0.0,1.0,90
CBS,Fri May 18 14:00:03 +0000 2018,"The #RoyalWedding is finally here, and you're invited! Join @CBSThisMorning‚Äôs @GayleKing and @etnow‚Äôs @KevinFrazier‚Ä¶ https://t.co/Q5xiRkXLUz",0.3595,0.151,0.0,0.849,91
CBS,Thu May 17 23:44:27 +0000 2018,When the @LifeInPiecesCBS season finale is back-to-back episodes. üëè Get ready for double the laughs at 9/8c! https://t.co/SYW5UzXobv,0.7177,0.285,0.0,0.715,92
CBS,Thu May 17 21:19:59 +0000 2018,Rules were made to be broken.üí• Don't miss the heart-pounding season finale of @swatcbs TONIGHT at 10/9c! https://t.co/NXLbeIrvcp,0.1867,0.093,0.0,0.907,93
CBS,Thu May 17 19:12:51 +0000 2018,"Is it fall yet? Check out the first looks at our new fall shows and stars from the CBS Upfront!

https://t.co/l7GQVRzRFw",0.0,0.0,0.0,1.0,94
CBS,Thu May 17 13:00:00 +0000 2018,How many shows can you binge in a month? Find out with a 1 month free trial of CBS All Access! Use code STREAMITALL‚Ä¶ https://t.co/yccQppCaxC,0.5562,0.146,0.0,0.854,95
CBS,Thu May 17 00:00:00 +0000 2018,"Save the dates! The CBS Fall lineup is here, and we're welcoming six new shows in addition to returning hits. Which‚Ä¶ https://t.co/f9PSQfpHL7",0.75,0.242,0.0,0.758,96
CBS,Wed May 16 22:56:24 +0000 2018,What happens when the friendliest guy in the Midwest moves his family next door to a not-so-friendly new LA neighbo‚Ä¶ https://t.co/KtEoNE3deL,0.5574,0.159,0.0,0.841,97
CBS,Wed May 16 22:56:24 +0000 2018,"When @MurphyBrownCBS returns to the news world, things sure won't be what they used to be! The revival of the groun‚Ä¶ https://t.co/jJcgyqyDxL",0.3802,0.11,0.0,0.89,98
CBS,Wed May 16 22:56:23 +0000 2018,"When decorated former Navy SEAL Thomas Magnum returns home to Hawaii, he embarks on a new mission: solving cases in‚Ä¶ https://t.co/6n2MWY3c2f",0.34,0.112,0.0,0.888,99
CBS,Wed May 16 22:56:23 +0000 2018,The ordinary turns extraordinary for this suburban couple when an exuberant young pop star unexpectedly moves in wi‚Ä¶ https://t.co/9xaAUSm5nm,0.5859,0.174,0.0,0.826,100
CNN,Thu Jun 14 03:46:06 +0000 2018,"Republican Sen. James Lankford rejected Sen. Bob Corker's comments that the GOP is in a ""cult-like situation"" with‚Ä¶ https://t.co/zPrxKCCMsI",-0.5106,0.0,0.163,0.837,1
CNN,Thu Jun 14 03:31:07 +0000 2018,"""Corker's outspokenness has to be leavened with the political reality that he isn't ever going to run for anything‚Ä¶ https://t.co/JjCVBdngSP",0.0,0.0,0.0,1.0,2
CNN,Thu Jun 14 03:16:09 +0000 2018,"Frustrated with a lack of action on gun control, the American Medical Association -- the country's largest physicia‚Ä¶ https://t.co/xyinm5rEgT",-0.7964,0.0,0.351,0.649,3
CNN,Thu Jun 14 03:01:07 +0000 2018,The president of the US Conference of Catholic Bishops criticized President Donald Trump's administration over immi‚Ä¶ https://t.co/iqy7qBHiNR,-0.3612,0.0,0.135,0.865,4
CNN,Thu Jun 14 02:54:45 +0000 2018,"RT @CNNTonight: ""The real purveyor of 'fake news' is the President of the United States. ... What he hates is truthful reporting about him‚Ä¶",-0.0516,0.182,0.189,0.629,5
CNN,Thu Jun 14 02:53:06 +0000 2018,"Congressional Democrats are starting to accept that they may lose parts, if not all, of their status as superdelega‚Ä¶ https://t.co/y6PczB7l5M",-0.0258,0.112,0.116,0.773,6
CNN,Thu Jun 14 02:49:08 +0000 2018,A guilty plea related to the 2017 hazing death of Penn State University fraternity pledge Timothy Piazza was entere‚Ä¶ https://t.co/eclrgTiHSZ,-0.7717,0.0,0.283,0.717,7
CNN,Thu Jun 14 02:46:03 +0000 2018,"A new leader of Yellowstone National Park -- the largest national park in the US -- was named on Wednesday, but the‚Ä¶ https://t.co/hvgv4OrMUL",0.0,0.0,0.0,1.0,8
CNN,Thu Jun 14 02:41:38 +0000 2018,"Anderson Cooper: For all of President Trump's railing against so-called ""fake news,"" clearly he has no such distast‚Ä¶ https://t.co/B1mSbaUgvd",-0.3818,0.113,0.221,0.667,9
CNN,Thu Jun 14 02:35:11 +0000 2018,"Corey Stewart, the projected Republican nominee for US Senate in Virginia, repeatedly accused Democrats of using ""t‚Ä¶ https://t.co/lg4eV4unUm",-0.296,0.0,0.115,0.885,10
CNN,Thu Jun 14 02:25:22 +0000 2018,The Trump administration is expected to announce the formal suspension of planning for major August multilateral mi‚Ä¶ https://t.co/sFbpT6GLYE,0.0,0.0,0.0,1.0,11
CNN,Thu Jun 14 02:20:29 +0000 2018,"RT @CuomoPrimeTime: ""The most entertaining 15 min. I have watched on TV in a long, long time. Forget the raccoon cam, forget the gorilla ch‚Ä¶",0.101,0.118,0.141,0.741,12
CNN,Thu Jun 14 02:16:07 +0000 2018,Apple is about to make it harder for law enforcement agencies to gain access to information on iPhones. A new featu‚Ä¶ https://t.co/QRO0LJ16TH,0.5267,0.145,0.0,0.855,13
CNN,Thu Jun 14 02:09:12 +0000 2018,"Rep. Luis Gutierrez stood by his comments that Attorney General Jeff Sessions wants ""black people to be in the back‚Ä¶ https://t.co/3IYVCgpYRn",0.0,0.0,0.0,1.0,14
CNN,Thu Jun 14 02:01:09 +0000 2018,"Firefighters in Colorado still have several days of tough going against a fire that has burned more than 26,000 acr‚Ä¶ https://t.co/mFyUYneH63",-0.4404,0.0,0.178,0.822,15
CNN,Thu Jun 14 01:56:06 +0000 2018,Federal court documents unsealed Wednesday inadvertently revealed several names of potential witnesses in Paul Mana‚Ä¶ https://t.co/a0EhJDJkzc,0.0,0.0,0.0,1.0,16
CNN,Thu Jun 14 01:52:07 +0000 2018,"RT @CuomoPrimeTime: ‚ÄúMy father is dead and buried and was ten times the man you will ever be on your best day‚Äù

@ChrisCuomo fires back at G‚Ä¶",-0.0258,0.125,0.128,0.746,17
CNN,Thu Jun 14 01:51:04 +0000 2018,A grand jury has charged a man with threatening to harm liberal Sens. Bernie Sanders and Kamala Harris and proteste‚Ä¶ https://t.co/jYT3KHGvqg,-0.6908,0.112,0.326,0.562,18
CNN,Thu Jun 14 01:41:03 +0000 2018,House Democratic Chairman Joe Crowley collapsed during a protest in Washington on the Trump administration's immigr‚Ä¶ https://t.co/7NMuFbu6EH,-0.4767,0.0,0.227,0.773,19
CNN,Thu Jun 14 01:32:46 +0000 2018,These governors were elected with very few votes. Is that a problem? https://t.co/BnoBwqu38i https://t.co/rcVRidOVaD,-0.4019,0.0,0.184,0.816,20
CNN,Thu Jun 14 01:31:00 +0000 2018,"Rep. Mark Sanford says he ""could not more vigorously disagree"" that the Republican Party is the party of President‚Ä¶ https://t.co/fpsz5WdjpZ",0.7354,0.307,0.063,0.63,21
CNN,Thu Jun 14 01:30:02 +0000 2018,"RT @CuomoPrimeTime: ‚ÄúI take support from whoever wants to give it me. That doesn‚Äôt mean I support their views‚Äù

GOP Senate candidate Corey‚Ä¶",0.6597,0.213,0.0,0.787,22
CNN,Thu Jun 14 01:28:51 +0000 2018,"London Breed became the first African-American woman elected to lead San Francisco on Wednesday, when her opponent‚Ä¶ https://t.co/6HqA9obLON",0.0,0.0,0.0,1.0,23
CNN,Thu Jun 14 01:23:37 +0000 2018,"RT @AC360: .@MaxBoot:""The nuclear threat from North Korea is completely unchanged... [it] has not given up a single warhead, they have not‚Ä¶",-0.5267,0.0,0.145,0.855,24
CNN,Thu Jun 14 01:10:10 +0000 2018,"Acting on a tip, Border Patrol agents raided a two-bedroom house. They found 62 undocumented immigrants inside.‚Ä¶ https://t.co/AmLGvcELcW",0.0,0.0,0.0,1.0,25
CNN,Thu Jun 14 01:01:00 +0000 2018,"Rep. Mark Sanford, defeated in a GOP primary after being attacked by the President on Twitter, says it is the entir‚Ä¶ https://t.co/VIFApwxYrF",-0.7269,0.0,0.243,0.757,26
CNN,Thu Jun 14 00:47:12 +0000 2018,"RT @OutFrontCNN: What life's been like for President Donald Trump's personal attorney, Michael Cohen since the FBI raided his home? CNN's B‚Ä¶",0.3612,0.106,0.0,0.894,27
CNN,Thu Jun 14 00:46:37 +0000 2018,"Former Rep. Charlie Dent on the GOP primary results: ""There is a litmus test in the Republican Party now, and it is‚Ä¶ https://t.co/KI4ZHY0W6V",0.4019,0.114,0.0,0.886,28
CNN,Thu Jun 14 00:42:44 +0000 2018,RT @AC360: .@andersoncooper: The Republican Party now appears to be the party of Donald Trump #KeepingThemHonest https://t.co/PNSUCTlYzV ht‚Ä¶,0.6597,0.252,0.0,0.748,29
CNN,Thu Jun 14 00:31:06 +0000 2018,"RT @AC360: The Republican Party is not the party of Donald Trump despite my primary loss, says Rep. Mark Sanford, who was defeated by a Tru‚Ä¶",-0.1769,0.15,0.173,0.677,30
CNN,Thu Jun 14 00:31:00 +0000 2018,General Electric invented thousands of products that changed life in America. Now its recent troubles have some wor‚Ä¶ https://t.co/MvPauR7VSI,-0.4588,0.0,0.143,0.857,31
CNN,Thu Jun 14 00:28:15 +0000 2018,"Rep. Mark Sanford on whether the GOP is the party of Trump: ""This notion of it belonging to anybody at the top is a‚Ä¶ https://t.co/t31r0R4XXQ",0.5423,0.164,0.0,0.836,32
CNN,Thu Jun 14 00:24:58 +0000 2018,A Texas man was watching the news in San Antonio when he learned about authorities discovering 54 undocumented immi‚Ä¶ https://t.co/HQ3f0LgRsY,0.0,0.0,0.0,1.0,33
CNN,Thu Jun 14 00:16:46 +0000 2018,"Rep. Mark Sanford, defeated in a GOP primary after being attacked by the President on Twitter, says it is the entir‚Ä¶ https://t.co/odwmBR7Aje",-0.7269,0.0,0.243,0.757,34
CNN,Wed Jun 13 23:56:04 +0000 2018,"President Trump ignored advice when he went after Rep. Mark Sanford, sources say https://t.co/KStpXUnH5G https://t.co/JzsgfP4quH",-0.3182,0.0,0.141,0.859,35
CNN,Wed Jun 13 23:52:18 +0000 2018,"RT @OutFrontCNN: After meeting with North Korean dictator, Trump calls press America's 'biggest enemy' https://t.co/bP6CRv2nW9

""Attacking‚Ä¶",-0.5423,0.0,0.189,0.811,36
CNN,Wed Jun 13 23:51:06 +0000 2018,Republicans in Congress said the message came in loud and clear Tuesday night: Oppose President Donald Trump and it‚Ä¶ https://t.co/0FJVuVPsGX,0.3818,0.12,0.0,0.88,37
CNN,Wed Jun 13 23:42:05 +0000 2018,Canadian Foreign Minister Chrystia Freeland said the US decision to slap tariffs against Canada on national securit‚Ä¶ https://t.co/5eBaCErLAR,0.1531,0.086,0.0,0.914,38
CNN,Wed Jun 13 23:37:07 +0000 2018,"RT @OutFrontCNN: Secretary of State Pompeo says, ""verification"" language is in the agreement signed by President Trump and North Korean lea‚Ä¶",0.4939,0.138,0.0,0.862,39
CNN,Wed Jun 13 23:35:46 +0000 2018,Mark Sanford says he's not upset with President Donald Trump for tweeting support of his opponent a few hours befor‚Ä¶ https://t.co/DN8SM6yEK8,0.5972,0.213,0.0,0.787,40
CNN,Wed Jun 13 23:31:00 +0000 2018,"Interest rates are going up again. ‚ÄúThe main takeaway is that the economy is doing very well,‚Äù Federal Reserve Chai‚Ä¶ https://t.co/caXqcnqtec",0.4588,0.13,0.0,0.87,41
CNN,Wed Jun 13 23:25:00 +0000 2018,"Meet the master architect behind Japan's remote ""art island"" | via @CNNStyle https://t.co/yDJqF0nM6A https://t.co/YyojpVDl7M",0.0,0.0,0.0,1.0,42
CNN,Wed Jun 13 23:11:03 +0000 2018,Oklahoma Republican Sen. James Inhofe said he was nearing his limit with EPA Administrator Scott Pruitt and that an‚Ä¶ https://t.co/PZUr05Ck2G,0.0,0.0,0.0,1.0,43
CNN,Wed Jun 13 23:01:00 +0000 2018,President Donald Trump‚Äôs lawyers plot their next move following the North Korea summit https://t.co/TosHjwlt4k https://t.co/6ZIR3x9ooH,0.0,0.0,0.0,1.0,44
CNN,Wed Jun 13 22:56:25 +0000 2018,"RT @CNNSitRoom: President Trump continuing to say the press is the ""country's biggest enemy"" is ""a form of poison that continues to infect‚Ä¶",-0.7906,0.0,0.25,0.75,45
CNN,Wed Jun 13 22:51:07 +0000 2018,The Trump administration is creating a new office to investigate citizenship fraud https://t.co/y06UhNYxvp https://t.co/axx2tbBaNn,-0.3818,0.129,0.224,0.647,46
CNN,Wed Jun 13 22:45:39 +0000 2018,RT @CNNPolitics: Fed Chairman Jerome Powell: ‚ÄúThe main takeaway is that the economy is doing very well‚Äù https://t.co/mBopb94o17 https://t.c‚Ä¶,0.0,0.0,0.0,1.0,47
CNN,Wed Jun 13 22:45:00 +0000 2018,MotoGP veteran Loris Capirossi has played a key role in testing the all-electric bikes which will be used in the ne‚Ä¶ https://t.co/bXTJk3T7Oe,0.34,0.107,0.0,0.893,48
CNN,Wed Jun 13 22:44:49 +0000 2018,"Rep. Eric Swalwell says President Trump would be ""in real trouble"" if Michael Cohen flips: ""You don't flip if you d‚Ä¶ https://t.co/6vYzNVPksl",-0.4019,0.0,0.114,0.886,49
CNN,Wed Jun 13 22:41:55 +0000 2018,"RT @CNNSitRoom: President Trump says the press is the ‚Äúcountry‚Äôs biggest enemy‚Äù

Rep. Swalwell says that statement could have been issued f‚Ä¶",0.0,0.0,0.0,1.0,50
CNN,Wed Jun 13 22:41:04 +0000 2018,The risk of outbreaks is rising in 12 of the 18 states that permit nonmedical exemptions from childhood vaccination‚Ä¶ https://t.co/mwzsZH4yEg,-0.2732,0.0,0.1,0.9,51
CNN,Wed Jun 13 22:36:00 +0000 2018,What is 5G? It's a wireless network technology that will change everything from how you use your phone to how self-‚Ä¶ https://t.co/kzYwSFx79Z,0.0,0.0,0.0,1.0,52
CNN,Wed Jun 13 22:31:07 +0000 2018,Argentina's Congress is debating whether to liberalize the nation's highly restrictive abortion laws‚Ä¶ https://t.co/mk1H9qnuvW,0.0,0.0,0.0,1.0,53
CNN,Wed Jun 13 22:28:25 +0000 2018,This raccoon‚Äôs harrowing journey to the top of a building made it an instant internet star https://t.co/c2YJcFgUww https://t.co/Hb3ETQoJ4N,0.2023,0.101,0.0,0.899,54
CNN,Wed Jun 13 22:21:05 +0000 2018,Neil Patrick Harris is sorry. The actor posted an apology to Rachel Bloom after a tweet he wrote about her on-air w‚Ä¶ https://t.co/sxWVDVmcNr,-0.0258,0.053,0.058,0.889,55
CNN,Wed Jun 13 22:11:05 +0000 2018,"For most of their annual meeting this week in Dallas, Southern Baptists have talked about spiritual matters.

But t‚Ä¶ https://t.co/4JNwjHpGo4",0.0258,0.055,0.0,0.945,56
CNN,Wed Jun 13 22:07:21 +0000 2018,Fox's investment into the American broadcast rights for the next three World Cup tournaments seemed like a huge mis‚Ä¶ https://t.co/Eor7vdyNmG,0.5859,0.22,0.0,0.78,57
CNN,Wed Jun 13 22:03:08 +0000 2018,President Donald Trump‚Äôs lawyers plot their next move following the North Korea summit https://t.co/Q4hvgn9Vsh https://t.co/tjcn8CrrxS,0.0,0.0,0.0,1.0,58
CNN,Wed Jun 13 22:01:06 +0000 2018,"Alice Marie Johnson, a first-time nonviolent drug offender whose life sentence was commuted after 21 years in priso‚Ä¶ https://t.co/3KWIOm8VQF",-0.296,0.066,0.126,0.808,59
CNN,Wed Jun 13 21:51:06 +0000 2018,A US Border Patrol agent who was shot several times in southern Arizona near the US-Mexico border exchanged gunfire‚Ä¶ https://t.co/4wOdewxTtX,0.0,0.0,0.0,1.0,60
CNN,Wed Jun 13 21:47:59 +0000 2018,"RT @CNNSitRoom: Sen Lankford pushes back on Corker's assertion that Trump-supporting Republicans are ""cult-like"": ‚ÄúThere are areas I agree‚Ä¶",0.0,0.0,0.0,1.0,61
CNN,Wed Jun 13 21:41:57 +0000 2018,"Sexual harassment in higher education can be addressed only through cultural change, according to a new report.

Th‚Ä¶ https://t.co/gJr1nsnfWM",-0.5423,0.0,0.171,0.829,62
CNN,Wed Jun 13 21:37:38 +0000 2018,President Donald Trump blasts OPEC again for a spike in oil prices https://t.co/qtbjSBeTSy https://t.co/IAlL5GcyEF,0.0,0.0,0.0,1.0,63
CNN,Wed Jun 13 21:33:17 +0000 2018,"Will ""The Incredibles 2"" bring more power to animated sequels? https://t.co/NJAPJkbeMZ https://t.co/YgP2tOoA5N",0.0,0.0,0.0,1.0,64
CNN,Wed Jun 13 21:29:45 +0000 2018,British political operatives met with Russian ambassador days after they visited with Donald Trump‚Ä¶ https://t.co/gWTWjup2av,0.0,0.0,0.0,1.0,65
CNN,Wed Jun 13 21:26:46 +0000 2018,"RT @TheLeadCNN: Corey Stewart, the man who built his image on championing Confederate symbols and made joint appearances with the white nat‚Ä¶",0.4215,0.118,0.0,0.882,66
CNN,Wed Jun 13 21:24:49 +0000 2018,"General Motors will soon have a woman in both the CEO and CFO roles. That's rare.

Only 23 companies in the Fortune‚Ä¶ https://t.co/1mEE07POjH",0.0,0.0,0.0,1.0,67
CNN,Wed Jun 13 21:11:37 +0000 2018,British political operatives met with Russian ambassador days after they visited with Donald Trump‚Ä¶ https://t.co/rhq9T9GiNf,0.0,0.0,0.0,1.0,68
CNN,Wed Jun 13 21:07:12 +0000 2018,An undocumented immigrant from Honduras sobbed as she told an attorney how federal authorities took her daughter wh‚Ä¶ https://t.co/ghSuk17elt,-0.4404,0.0,0.139,0.861,69
CNN,Wed Jun 13 21:03:43 +0000 2018,"GOP Senate candidate Kelli Ward disavows Paul Nehlen, an anti-Semitic and anti-Muslim commentator running for the U‚Ä¶ https://t.co/bdh3oOGOID",0.0,0.0,0.0,1.0,70
CNN,Wed Jun 13 20:55:07 +0000 2018,"Nine award-winning scientists are thinking though the future of Antarctica and the waters around it.

They are prop‚Ä¶ https://t.co/LNYbqhbBod",0.0,0.0,0.0,1.0,71
CNN,Wed Jun 13 20:46:37 +0000 2018,Attorney General Jeff Sessions has announced an initiative aimed at boosting the Justice Department's role protecti‚Ä¶ https://t.co/WcBmHHGHwP,0.7003,0.279,0.0,0.721,72
CNN,Wed Jun 13 20:36:00 +0000 2018,"Comcast bids $65 billion for most of 21st Century Fox, a dramatic attempt to undercut Disney after it reached a $52‚Ä¶ https://t.co/cmXKGM48QP",0.1027,0.069,0.0,0.931,73
CNN,Wed Jun 13 20:35:45 +0000 2018,"After Corey Stewart's win Tuesday night, President Trump took to Twitter to endorse his former Virginia campaign ch‚Ä¶ https://t.co/oAUvmJrLlo",0.7269,0.264,0.0,0.736,74
CNN,Wed Jun 13 20:33:12 +0000 2018,New York doctors who received payments from pharmaceutical companies that make opioids were more likely to prescrib‚Ä¶ https://t.co/LBrdx6trZs,0.0,0.0,0.0,1.0,75
CNN,Wed Jun 13 20:18:47 +0000 2018,Comcast has formalized a $65 billion all-cash bid for most of 21st Century Fox. It's a dramatic attempt to undercut‚Ä¶ https://t.co/P2fVMTpXkd,0.0,0.0,0.0,1.0,76
CNN,Wed Jun 13 20:17:39 +0000 2018,"Investor Jeff Gundlach says he fears that the ""federal debt is exploding"" https://t.co/hnqeHv1olz https://t.co/rXLYGKJWtD",-0.6486,0.0,0.306,0.694,77
CNN,Wed Jun 13 20:11:08 +0000 2018,BREAKING: Comcast bids $65 billion for most of 21st Century Fox https://t.co/yYDqYBG2ZH https://t.co/Z4YiwF187V,0.0,0.0,0.0,1.0,78
CNN,Wed Jun 13 20:11:06 +0000 2018,"""I cannot think of an act that is more cruel and more inhumane than to rip the child from the arms of a mother"": Re‚Ä¶ https://t.co/k2FzUpbHZT",-0.624,0.0,0.146,0.854,79
CNN,Wed Jun 13 20:01:00 +0000 2018,"In the constellation of Sagittarius, three infant planets have been found orbiting a young star 330 light-years fro‚Ä¶ https://t.co/ZBLXVKKqdf",0.0,0.0,0.0,1.0,80
CNN,Wed Jun 13 19:50:10 +0000 2018,"A massive dust storm has hit Mars, and NASA's Opportunity rover is right in the middle of it. The rover has put its‚Ä¶ https://t.co/GPgToT2qcH",0.4215,0.113,0.0,0.887,81
CNN,Wed Jun 13 19:40:07 +0000 2018,"Laura Ingraham says EPA chief Scott Pruitt has ""gotta go.""

The Fox News host has become one of the first of Presid‚Ä¶ https://t.co/UuSy2NWaWU",0.0,0.0,0.0,1.0,82
CNN,Wed Jun 13 19:35:00 +0000 2018,Women are dominating as 2018 college commencement speakers. Here's a look at some of the stories and advice they're‚Ä¶ https://t.co/cWI0faMbfK,-0.296,0.0,0.109,0.891,83
CNN,Wed Jun 13 19:30:10 +0000 2018,Donald Trump's fake-it-until-you-make-it strategy on North Korea | Analysis by @CillizzaCNN https://t.co/VEgzdb8rl1 https://t.co/iNdTk3XtKx,0.0,0.0,0.0,1.0,84
CNN,Wed Jun 13 19:20:05 +0000 2018,The organizer of last year's infamous Fyre Festival led a scheme involving bogus tickets while he was awaiting sent‚Ä¶ https://t.co/10f8rwMOOb,0.4939,0.151,0.0,0.849,85
CNN,Wed Jun 13 19:10:09 +0000 2018,A Florida man is going to prison after threatening to burn down his prospective neighbors' house because they were‚Ä¶ https://t.co/VsQA0JnK8G,-0.7717,0.0,0.283,0.717,86
CNN,Wed Jun 13 19:00:13 +0000 2018,"US, Mexico and Canada chosen to host the 2026 FIFA World Cup https://t.co/oiK9EH5R36",0.0,0.0,0.0,1.0,87
CNN,Wed Jun 13 18:50:08 +0000 2018,"In the constellation of Sagittarius, three infant planets have been found orbiting a young star 330 light-years fro‚Ä¶ https://t.co/RCYJSJoNAU",0.0,0.0,0.0,1.0,88
CNN,Wed Jun 13 18:40:08 +0000 2018,Alice Johnson will get the chance to personally thank Kim Kardashian West for her freedom https://t.co/kuPaUmy9Zs https://t.co/WQqu3qOhii,0.8271,0.383,0.0,0.617,89
CNN,Wed Jun 13 18:30:06 +0000 2018,Six months after a selfie of Miss Universe contestants from Iraq and Israel was posted on Instagram and sparked an‚Ä¶ https://t.co/80nKM94ws3,-0.1531,0.0,0.078,0.922,90
CNN,Wed Jun 13 18:21:53 +0000 2018,Interest rates are going up again. The Federal Reserve has lifted its benchmark rate by a quarter of a percentage p‚Ä¶ https://t.co/nd7LTXZST6,0.4588,0.136,0.0,0.864,91
CNN,Wed Jun 13 18:20:04 +0000 2018,"Mark Sanford survived cheating on his wife, but he could not survive cheating on Donald Trump | @ScottJenningsKY fo‚Ä¶ https://t.co/FdFQW4Nh32",-0.7227,0.085,0.284,0.631,92
CNN,Wed Jun 13 18:10:07 +0000 2018,H&amp;R Block is closing 400 locations https://t.co/H814X1bRa7 https://t.co/evIMd7XhOS,-0.4404,0.0,0.293,0.707,93
CNN,Wed Jun 13 18:01:18 +0000 2018,Swaziland is the only African country that still has strong diplomatic relations with Taiwan -- despite pressure fr‚Ä¶ https://t.co/lTwKH6V50I,0.6355,0.234,0.0,0.766,94
CNN,Wed Jun 13 17:50:07 +0000 2018,President Trump's chief economic adviser Larry Kudlow has been released from Walter Reed National Military Medical‚Ä¶ https://t.co/AT98UzbGlf,0.0,0.0,0.0,1.0,95
CNN,Wed Jun 13 17:40:00 +0000 2018,‚ÄúWe might poke the bear!‚Äù: Republican Sen. Bob Corker ramps up criticism toward GOP leadership he says is not willi‚Ä¶ https://t.co/KhJwyC0JQM,-0.4926,0.0,0.138,0.862,96
CNN,Wed Jun 13 17:30:10 +0000 2018,"Secretary of State Mike Pompeo says he is ""confident"" North Korea understood there will be in-depth verification of‚Ä¶ https://t.co/3WtGaJyEze",0.0,0.0,0.0,1.0,97
CNN,Wed Jun 13 17:20:09 +0000 2018,"IQ scores have been steadily falling for the last few decades, and environmental factors are to blame, a new study‚Ä¶ https://t.co/Nd3TOZHntd",-0.4588,0.0,0.182,0.818,98
CNN,Wed Jun 13 17:10:00 +0000 2018,"Meet the master architect behind Japan's remote ""art island"" | via @CNNStyle https://t.co/yDJqF0nM6A https://t.co/107tYDeL66",0.0,0.0,0.0,1.0,99
CNN,Wed Jun 13 17:00:15 +0000 2018,More than 800 people were stung by jellyfish along Florida beaches in three days https://t.co/WMoGBUP4Vu https://t.co/NnEnlR07BJ,0.0,0.0,0.0,1.0,100
Fox News,Thu Jun 14 03:45:25 +0000 2018,".@LarryOConnor: ""The overall economic feeling in this country is positive and will continue to be so."" @foxnewsnight https://t.co/NZ1OAkszzN",0.6249,0.242,0.0,0.758,1
Fox News,Thu Jun 14 03:36:55 +0000 2018,".@LeslieMarshall: ""I don't think we're going to see a blue tsunami, but I do think we are going to see a blue wave.‚Ä¶ https://t.co/HoVZjY2ZxW",0.0,0.0,0.0,1.0,2
Fox News,Thu Jun 14 03:29:41 +0000 2018,".@SenatorRounds: ""Let's first of all give the president the opportunity to succeed. Everything starts with a first‚Ä¶ https://t.co/Lt8Niq82FE",0.7184,0.286,0.0,0.714,3
Fox News,Thu Jun 14 03:23:16 +0000 2018,.@SecPompeo meets with South Korea's President Moon following historic summit https://t.co/yBiJnOEfSk,0.0,0.0,0.0,1.0,4
Fox News,Thu Jun 14 03:16:11 +0000 2018,"Pentagon expected to cancel August military exercise with South Korea, senior administration official says‚Ä¶ https://t.co/8KdUgeezhH",-0.25,0.0,0.125,0.875,5
Fox News,Thu Jun 14 03:08:05 +0000 2018,Report due over @FBI probe into #Clinton emails https://t.co/s0367hq8lI https://t.co/jG1Bh6qn9a,0.0,0.0,0.0,1.0,6
Fox News,Thu Jun 14 03:05:00 +0000 2018,"On @AmericaNewsroom, Senator @RandPaul praised President @realDonaldTrump, stating that it will be ""historic"" if de‚Ä¶ https://t.co/5Mn3fiWoOc",0.4939,0.176,0.0,0.824,7
Fox News,Thu Jun 14 03:02:52 +0000 2018,".@RaymondArroyo on study of what people think God looks like: ""What the researchers found is that people tend to pr‚Ä¶ https://t.co/dn0LUKjoYE",0.5574,0.195,0.0,0.805,8
Fox News,Thu Jun 14 02:55:12 +0000 2018,".@LindseyGrahamSC on Kim, @POTUS meeting: ""If you play [@realDonaldTrump] you're gonna regret it. This is not‚Ä¶ https://t.co/3ORi6EW2lJ",-0.1027,0.119,0.139,0.743,9
Fox News,Thu Jun 14 02:53:17 +0000 2018,".@LindseyGrahamSC on canceled August military exercise with SK: ""This may be the last best chance in our lifetime f‚Ä¶ https://t.co/PzjtHv5qUT",0.7351,0.256,0.0,0.744,10
Fox News,Thu Jun 14 02:51:51 +0000 2018,".@LindseyGrahamSC: ""To those who criticize @POTUS, how well did you do with North Korea?"" @IngrahamAngle‚Ä¶ https://t.co/hoMDYQPkrj",-0.128,0.112,0.139,0.749,11
Fox News,Thu Jun 14 02:48:02 +0000 2018,Giuliani: Mueller Should Have Enough 'Material' to Conclude His Probe 'Right Now' https://t.co/dm3gjx6ald,0.0,0.0,0.0,1.0,12
Fox News,Thu Jun 14 02:46:27 +0000 2018,".@LindseyGrahamSC on North Korea: ""[@POTUS] inherited a problem that's been building for 30 years. There's no place‚Ä¶ https://t.co/E6JVEoEQEi",-0.5994,0.0,0.246,0.754,13
Fox News,Thu Jun 14 02:43:38 +0000 2018,".@SecPompeo: ""President @realDonaldTrump has also made it clear that if Kim Jong Un denuclearizes, there is a brigh‚Ä¶ https://t.co/cEo6RcljTH",0.3818,0.133,0.0,0.867,14
Fox News,Thu Jun 14 02:42:23 +0000 2018,".@LindseyGrahamSC on NK summit: ""If my Democratic friends would get behind President @realDonaldTrump, we may actua‚Ä¶ https://t.co/lSPZlUdsP7",0.4767,0.162,0.0,0.838,15
Fox News,Thu Jun 14 02:39:04 +0000 2018,".@SecPompeo: ""Kim Jong Un's public commitment to completely denuclearize is an important step towards bringing last‚Ä¶ https://t.co/RxMlKTWkht",0.5267,0.227,0.0,0.773,16
Fox News,Thu Jun 14 02:37:07 +0000 2018,".@SecPompeo: ""[@POTUS'] summit with North Korean leader Kim Jong Un two days ago does indeed mark a turning point i‚Ä¶ https://t.co/uf4pbsCLpO",0.0,0.0,0.0,1.0,17
Fox News,Thu Jun 14 02:33:18 +0000 2018,"Midair plane crash over Alaska turns deadly, officials say https://t.co/craqDLGd09",-0.4019,0.0,0.231,0.769,18
Fox News,Thu Jun 14 02:29:43 +0000 2018,"Berkeley declares 'climate emergency' worse than World War II, demands 'humane' population control https://t.co/vuJEBvrhbx",-0.8625,0.0,0.466,0.534,19
Fox News,Thu Jun 14 02:29:26 +0000 2018,.@SecPompeo holds a news conference with South Korean leaders after President @realDonaldTrump's historic summit wi‚Ä¶ https://t.co/vgoTWx0O14,0.0,0.0,0.0,1.0,20
Fox News,Thu Jun 14 02:27:11 +0000 2018,"Rudy Giuliani Michael Cohen investigation: ""I do not believe he is gonna tell a falsehood, and I think he's gonna t‚Ä¶ https://t.co/NMaf00K7vt",0.0,0.0,0.0,1.0,21
Fox News,Thu Jun 14 02:17:41 +0000 2018,"Rudy Giuliani on reports that Michael Cohen may potentially cooperate with authorities: ""I checked into this last n‚Ä¶ https://t.co/C2jSzE5MdM",0.0,0.0,0.0,1.0,22
Fox News,Thu Jun 14 02:16:24 +0000 2018,"Rudy Giuliani on Mueller probe: ""[Mueller has] the material from which to write a report right now, except the repo‚Ä¶ https://t.co/r1D5gTZ7TS",0.0,0.0,0.0,1.0,23
Fox News,Thu Jun 14 02:10:06 +0000 2018,"Rudy Giuliani on Mueller probe: ""Obstruction of justice is really totally negated by Article Two of the Constitutio‚Ä¶ https://t.co/GVGXZEWpXh",0.5267,0.159,0.0,0.841,24
Fox News,Thu Jun 14 01:58:13 +0000 2018,"JUST IN: Pentagon expected to cancel August military exercise with South Korea, senior administration official says. https://t.co/J3SNxWTNQU",-0.25,0.0,0.111,0.889,25
Fox News,Thu Jun 14 01:57:04 +0000 2018,".@SebGorka: ""At the end of the day, [@POTUS is] solving the problems other people left for him."" https://t.co/LaShAqsFBu",-0.0772,0.114,0.128,0.758,26
Fox News,Thu Jun 14 01:55:10 +0000 2018,.@seanhannity: Rod Rosenstein 'Should Step Aside or Be Fired' https://t.co/BCf4uKfqkv,-0.5574,0.0,0.286,0.714,27
Fox News,Thu Jun 14 01:51:38 +0000 2018,Lava from Kilauea volcano has formed a new coastline where the bay and village of Kapoho once stood on the island o‚Ä¶ https://t.co/7odIhXkmRL,0.0,0.0,0.0,1.0,28
Fox News,Thu Jun 14 01:46:31 +0000 2018,Charges filed against Minnesota driver who allegedly didn't slow down before hitting kids in a park. https://t.co/tzxfvDmLUF,-0.2732,0.0,0.123,0.877,29
Fox News,Thu Jun 14 01:39:36 +0000 2018,".@repdesantis on if @POTUS should order DOJ to release documents Congress is requesting:  ""He has the power and I t‚Ä¶ https://t.co/1G8YdDSAvi",0.0,0.0,0.0,1.0,30
Fox News,Thu Jun 14 01:27:28 +0000 2018,"After vote fails to condemn Hamas, Amb. @nikkihaley calls the @UN an unserious force for Middle East peace. https://t.co/j05RpOFhQA",-0.2263,0.141,0.217,0.643,31
Fox News,Thu Jun 14 01:20:17 +0000 2018,"Rep. @DevinNunes: ""What people should be concerned about the most right now, is obstruction of a valid congressiona‚Ä¶ https://t.co/93tCMUzgai",0.0,0.0,0.0,1.0,32
Fox News,Thu Jun 14 01:18:04 +0000 2018,.@PressSec Sarah Sanders swipes back at report she's planning to leave the White House. https://t.co/wD6K3uIuFb,-0.0516,0.0,0.079,0.921,33
Fox News,Thu Jun 14 01:12:38 +0000 2018,House Intel GOP accuses DOJ of limiting access in FISA probe. https://t.co/aZ3lefDvVN,-0.34,0.0,0.179,0.821,34
Fox News,Thu Jun 14 00:58:13 +0000 2018,"Glenn Greenwald: ""In [many] cases when the government claims that things must be kept secret...Either the informati‚Ä¶ https://t.co/gBWnJy6eMF",0.0,0.0,0.0,1.0,35
Fox News,Thu Jun 14 00:35:30 +0000 2018,.@VP cheers Southern Baptist Convention as 'one of the greatest forces for good anywhere' https://t.co/3KREhXM4Rl,0.8807,0.459,0.0,0.541,36
Fox News,Thu Jun 14 00:31:11 +0000 2018,.@KimKardashian travels to Memphis to meet Alice Marie Johnson in person https://t.co/KxiJrM2FOh,0.0,0.0,0.0,1.0,37
Fox News,Thu Jun 14 00:28:18 +0000 2018,Penn State ex-frat brother makes first guilty plea in hazing death of 19-year-old pledge https://t.co/jzDGitHoCn,-0.7717,0.0,0.34,0.66,38
Fox News,Thu Jun 14 00:24:35 +0000 2018,'Wake turbulence' blamed for Qantas flight's 'terrifying' 10-second 'nosedive' https://t.co/y3LtAjzn40,-0.4767,0.0,0.256,0.744,39
Fox News,Thu Jun 14 00:18:43 +0000 2018,Reporter's Notebook: What Mark Sanford's loss tells us about Trump's political muscle in the midterm elections https://t.co/UG9ONQ1STw,-0.3182,0.0,0.126,0.874,40
Fox News,Thu Jun 14 00:15:00 +0000 2018,TONIGHT: @IngrahamAngle sits down with @POTUS' attorney Rudy Giuliani at 10p ET on Fox News Channel. https://t.co/kxoF7yZrVe,0.0,0.0,0.0,1.0,41
Fox News,Thu Jun 14 00:12:21 +0000 2018,"Police officer cheered for buying Texas man's stolen groceries, medication https://t.co/HMPn76YEDo",0.0258,0.213,0.206,0.581,42
Fox News,Thu Jun 14 00:03:42 +0000 2018,OPINION: Trump is headed for impeachment if Republicans don't do these things to hold the House https://t.co/28io1weWmh,0.0,0.0,0.0,1.0,43
Fox News,Wed Jun 13 23:58:00 +0000 2018,"Joan Morris on @POTUS' efforts to bring home remains of Korean War soldiers: ""It was very heartwarming to see that‚Ä¶ https://t.co/M2TDtWqIpi",-0.1298,0.129,0.148,0.723,44
Fox News,Wed Jun 13 23:50:38 +0000 2018,"John Zimmerlee, son of Korean War veteran, on @POTUS' efforts to bring remains of soldiers home: ""We're amazed. Thi‚Ä¶ https://t.co/nUnAaG8uLm",-0.1779,0.127,0.155,0.717,45
Fox News,Wed Jun 13 23:44:33 +0000 2018,"President @realDonaldTrump slams 'phony' Claire McCaskill in dust-up over private plane, endorses her GOP rival. https://t.co/WacyatYZAu",0.34,0.138,0.0,0.862,46
Fox News,Wed Jun 13 23:34:49 +0000 2018,Penn State ex-frat brother makes first guilty plea in hazing death of 19-year-old pledge. https://t.co/g3MqLfyWEN,-0.7717,0.0,0.34,0.66,47
Fox News,Wed Jun 13 23:25:41 +0000 2018,".@seanspicer: ""I don't think any of us could have predicted how much [@POTUS is] getting done."" #TheStory https://t.co/nEwcohs3ac",0.0,0.0,0.0,1.0,48
Fox News,Wed Jun 13 23:20:00 +0000 2018,"Meadows, Jordan unveil resolution asking for documents in FBI-DOJ probe. https://t.co/ieaOaV8v7Z",0.0,0.0,0.0,1.0,49
Fox News,Wed Jun 13 23:16:17 +0000 2018,"Republican Rep. @MarkSanford, who lost his GOP primary after being targeted by @POTUS: ""I don't believe it's the pa‚Ä¶ https://t.co/Vok6g9NAFJ",-0.3182,0.0,0.108,0.892,50
Fox News,Wed Jun 13 23:08:06 +0000 2018,"Nevada wildfire caused by campers igniting excrement, sheriff says. https://t.co/AN5GwOt7Qx",0.0,0.0,0.0,1.0,51
Fox News,Wed Jun 13 22:58:18 +0000 2018,Roseanne Barr submitted for Emmys nomination before show cancellation https://t.co/1AGMLmiyJP,0.0,0.0,0.0,1.0,52
Fox News,Wed Jun 13 22:56:16 +0000 2018,".@MZHemingway on NK summit: ""President @realDonaldTrump's goal is to make sure that the people of Portland aren't b‚Ä¶ https://t.co/uFNiIYJ71V",0.3182,0.113,0.0,0.887,53
Fox News,Wed Jun 13 22:51:28 +0000 2018,Did 'hotshot' NY Times reporter Ali Watkins simply benefit from top-secret pillow talk? https://t.co/ZEs5P6RS0S,0.4588,0.188,0.0,0.812,54
Fox News,Wed Jun 13 22:42:43 +0000 2018,OPINION: Trump-basher Mark Sanford's defeat a big lesson for GOP candidates as Democrats' path to glory narrows https://t.co/eR9qp3s1A4,0.128,0.163,0.14,0.698,55
Fox News,Wed Jun 13 22:39:16 +0000 2018,"President @realDonaldTrump: ""The soldiers that died in Korea, their remains are going to be coming back home.""‚Ä¶ https://t.co/dl9bfrgQIJ",-0.5574,0.0,0.175,0.825,56
Fox News,Wed Jun 13 22:30:48 +0000 2018,"President @realDonaldTrump: ""I'm not for Russia, I'm for the United States."" #SpecialReport https://t.co/VRpW5XL5du",0.4215,0.189,0.0,0.811,57
Fox News,Wed Jun 13 22:30:03 +0000 2018,"President @realDonaldTrump on Kim Jong Un: ""He's a very smart guy, he's a great negotiator, but I think we understa‚Ä¶ https://t.co/Pn5o98zFuD",0.5494,0.221,0.0,0.779,58
Fox News,Wed Jun 13 22:26:18 +0000 2018,"President @realDonaldTrump: ""Chairman Kim wants to resolve the problem because he knew that we weren't playing arou‚Ä¶ https://t.co/SzG3VQZufg",-0.1759,0.119,0.196,0.685,59
Fox News,Wed Jun 13 22:25:33 +0000 2018,"President @realDonaldTrump: ""I think China really would like to see no nuclear weapons...Whether you're semi-friend‚Ä¶ https://t.co/8suvWckuFB",0.1477,0.146,0.116,0.738,60
Fox News,Wed Jun 13 22:22:56 +0000 2018,"President @realDonaldTrump: ""We have 32,000 soldiers in South Korea. I'd like to get them home...But it is not on t‚Ä¶ https://t.co/rCWQt4PsGR",0.3612,0.111,0.0,0.889,61
Fox News,Wed Jun 13 22:21:09 +0000 2018,"President @realDonaldTrump troop drawdown in SK: ""I would love to get the military out as soon as we can because it‚Ä¶ https://t.co/xJxVYLEPmd",0.6369,0.167,0.0,0.833,62
Fox News,Wed Jun 13 22:20:17 +0000 2018,"President @realDonaldTrump on summit outcome: ""People are really happy about it, even I would say non-Trump fans.""‚Ä¶ https://t.co/ppHFm4wTlk",0.6115,0.2,0.0,0.8,63
Fox News,Wed Jun 13 22:19:02 +0000 2018,JUST IN: @POTUS suggests to Fox News he could set aside concerns over Kim Jong Un‚Äôs human rights abuses in pursuit‚Ä¶ https://t.co/FqQEoanZ6L,-0.5574,0.0,0.146,0.854,64
Fox News,Wed Jun 13 22:16:35 +0000 2018,"President @realDonaldTrump on meeting Kim Jong Un: ""When I met him today, we had done three months, almost four mon‚Ä¶ https://t.co/viq1BI8O0h",0.0,0.0,0.0,1.0,65
Fox News,Wed Jun 13 22:13:05 +0000 2018,"President @realDonaldTrump on meeting Kim Jong Un: ""We have a very good relationship I feel."" #SpecialReport‚Ä¶ https://t.co/QmnUUyalcQ",0.4927,0.186,0.0,0.814,66
Fox News,Wed Jun 13 22:09:32 +0000 2018,"President @realDonaldTrump on NK summit: ""I only consider it successful if it gets done."" #SpecialReport‚Ä¶ https://t.co/kVepUaaaFw",0.5859,0.202,0.0,0.798,67
Fox News,Wed Jun 13 22:04:43 +0000 2018,TUNE IN: @BretBaier's must-see interview with President @realDonaldTrump on '@SpecialReport' on Fox News Channel!‚Ä¶ https://t.co/xdLPZIE15i,0.0,0.0,0.0,1.0,68
Fox News,Wed Jun 13 21:50:55 +0000 2018,Michigan father pleads guilty to murder after beating his potty-training 3-year-old to death. https://t.co/EJsJc38Di8,-0.9371,0.0,0.59,0.41,69
Fox News,Wed Jun 13 21:48:16 +0000 2018,"RT @FoxBusiness: Kroger to lay off 1,500 employees, close 14 stores: reports  https://t.co/YireUPXm4X",0.0,0.0,0.0,1.0,70
Fox News,Wed Jun 13 21:40:59 +0000 2018,'Raul Castro Isn't Exactly the Pope': #Cavuto Presses Top Dem on 'Hypocrisy' Over Trump-Kim Summit. https://t.co/KRwBOdEze8,0.2023,0.107,0.0,0.893,71
Fox News,Wed Jun 13 21:36:23 +0000 2018,Jellyfish stings causes hundreds of Florida beachgoers to be treated. https://t.co/V5aCEjCeZo,0.0,0.0,0.0,1.0,72
Fox News,Wed Jun 13 21:30:00 +0000 2018,".@LindseyGrahamSC: ""President Trump has done more in 500 days to deal with North Korea than every president in the‚Ä¶ https://t.co/2QudLPDcZB",0.0,0.0,0.0,1.0,73
Fox News,Wed Jun 13 21:26:07 +0000 2018,.@RepJoeCrowley collapses at an anti-Trump immigration rally; heat exhaustion is cited. https://t.co/Bkx7gXQeJt,-0.5719,0.0,0.32,0.68,74
Fox News,Wed Jun 13 21:19:46 +0000 2018,".@kimguilfoyle on North Korea negotiations: ""Give a chance for this to work."" #TheFive https://t.co/dB6kJ5edXo",0.25,0.143,0.0,0.857,75
Fox News,Wed Jun 13 21:15:34 +0000 2018,".@JesseBWatters: ""Trump tries to step up and bring peace to the [Korean Peninsula] and all he hears is 100% negativ‚Ä¶ https://t.co/wj7ZKcc0rM",0.5423,0.149,0.0,0.851,76
Fox News,Wed Jun 13 21:08:34 +0000 2018,Don't miss @BretBaier's must-see interview with President @realDonaldTrump tonight on '@SpecialReport' at 6p ET.‚Ä¶ https://t.co/nfElvyh6Je,0.1139,0.093,0.0,0.907,77
Fox News,Wed Jun 13 21:05:26 +0000 2018,.@KatiePavlich: @BarackObama Is Frustrated That Trump Has 'Destroyed' His Legacy. https://t.co/cOKoad2Rnp,-0.5267,0.0,0.254,0.746,78
Fox News,Wed Jun 13 20:56:11 +0000 2018,"Michael Cohen looking for new lawyers in FBI probe as key court deadline approaches, reports say https://t.co/Q65arUuSqZ",0.0,0.0,0.0,1.0,79
Fox News,Wed Jun 13 20:49:32 +0000 2018,"Marines with Special Purpose Marine Air-Ground Task Force, Crisis Response-Central Command, carry the American flag‚Ä¶ https://t.co/cA3uqUwWno",-0.34,0.13,0.197,0.673,80
Fox News,Wed Jun 13 20:48:16 +0000 2018,".@JeffFlake Rips Trump for 'Admiration for Despots', 'Unwarranted Besmirching of Allies' https://t.co/tXnRtZM1wN",0.5423,0.241,0.0,0.759,81
Fox News,Wed Jun 13 20:45:15 +0000 2018,Possible impact of federal interest rate hikes. @TeamCavuto https://t.co/dJeQhKb6eC https://t.co/VoCtUGcgmx,0.4588,0.25,0.0,0.75,82
Fox News,Wed Jun 13 20:36:10 +0000 2018,".@WhipHoyer on NK summit: ""Kim Jong Un became a major national player on the world stage because he got to meet wit‚Ä¶ https://t.co/cSreLcn0WT",0.0,0.0,0.0,1.0,83
Fox News,Wed Jun 13 20:30:00 +0000 2018,".@SenSchumer: ""@POTUS seems to have given away 2 or 3 of the major things that Kim Jong Un wanted."" https://t.co/Zhy1XtkxVV",0.0,0.0,0.0,1.0,84
Fox News,Wed Jun 13 20:26:38 +0000 2018,"RT @FoxBusiness: #BreakingNews: Comcast makes $65B bid for 21st Century Fox assets, nudging out Disney https://t.co/KWLmSS2xvB https://t.co‚Ä¶",0.1779,0.096,0.0,0.904,85
Fox News,Wed Jun 13 20:16:19 +0000 2018,Stage set for bombshell IG report on Clinton email case: Who's in the crosshairs? https://t.co/sZaf3UMBCh,0.0,0.0,0.0,1.0,86
Fox News,Wed Jun 13 20:12:57 +0000 2018,.@realDonaldTrump-backed candidate @karringtonsc ousts incumbent South Carolina Congressman @MarkSanford in GOP pri‚Ä¶ https://t.co/dLSYXCPW5C,0.0,0.0,0.0,1.0,87
Fox News,Wed Jun 13 20:09:20 +0000 2018,54 illegal immigrants found in truck near San Antonio airport https://t.co/vV4TvjohWU,-0.5574,0.0,0.265,0.735,88
Fox News,Wed Jun 13 20:05:18 +0000 2018,"Kate Spade left behind 4 seasons of handbag designs for Frances Valentine brand, partner says https://t.co/mcgeT785xI",0.0,0.0,0.0,1.0,89
Fox News,Wed Jun 13 19:59:41 +0000 2018,What can IHOP's name change teach us about foreign policy? https://t.co/2WU8CReqI7,0.0,0.0,0.0,1.0,90
Fox News,Wed Jun 13 19:51:24 +0000 2018,FBI Arrests 74 in Global 'Operation WireWire' Hacking Scandal. https://t.co/RM7MYw0z3B,-0.7003,0.0,0.42,0.58,91
Fox News,Wed Jun 13 19:39:00 +0000 2018,Arizona student paralyzed by rare disorder while on vacation in Spain. https://t.co/WzJwPxDBqW,-0.4019,0.0,0.197,0.803,92
Fox News,Wed Jun 13 19:29:00 +0000 2018,"Florida man who killed 4 kids during hostage situation had history of domestic violence, reports say. https://t.co/jrYrbxS55v",-0.8625,0.0,0.381,0.619,93
Fox News,Wed Jun 13 19:19:00 +0000 2018,Larry Kudlow released from hospital after heart attack. https://t.co/Eemohxjo1E,-0.4767,0.0,0.279,0.721,94
Fox News,Wed Jun 13 19:13:30 +0000 2018,High school summer reading list that is anti-police comes under fire. https://t.co/qHFi1s3ZS8,-0.34,0.0,0.179,0.821,95
Fox News,Wed Jun 13 19:02:00 +0000 2018,"""We have 32,000 soldiers in South Korea. I'd like to get them home.""

TONIGHT: President @realDonaldTrump sits down‚Ä¶ https://t.co/nikK9dCUv8",0.3612,0.122,0.0,0.878,96
Fox News,Wed Jun 13 18:56:55 +0000 2018,"GOP pols slam Rosenstein, say staff 'shaking' in fear over 'threats' https://t.co/WYe7Kin52Q",-0.7003,0.0,0.367,0.633,97
Fox News,Wed Jun 13 18:49:34 +0000 2018,"California university‚Äôs website says its OK for children to engage in 'sexual play,' watch porn https://t.co/ltHj0uIYz9",0.6523,0.276,0.0,0.724,98
Fox News,Wed Jun 13 18:49:08 +0000 2018,"Texas man may have solved daughter's 1984 murder.
https://t.co/H0DRbnH56O",-0.5574,0.152,0.341,0.507,99
Fox News,Wed Jun 13 18:38:22 +0000 2018,"Tensions between Italy and France heat up as a migrant ship is diverted to Spain.
https://t.co/8xdMh5zC3z",-0.4019,0.0,0.162,0.838,100
The New York Times,Thu Jun 14 03:32:01 +0000 2018,"In much of the U.S., the stereotype that boys do better than girls at math isn‚Äôt true. But there‚Äôs a notable except‚Ä¶ https://t.co/aHLfhl4Hrr",0.5267,0.211,0.085,0.704,1
The New York Times,Thu Jun 14 03:17:02 +0000 2018,Isotopic fingerprints in Aztec turquoise suggests there was no extensive trade in the stone between Mesoamerica and‚Ä¶ https://t.co/eKdHdFeRiC,-0.296,0.0,0.115,0.885,2
The New York Times,Thu Jun 14 03:02:02 +0000 2018,NYC Mayor Bill de Blasio started the city's worst landlords list when he was public advocate. A federal report reve‚Ä¶ https://t.co/cMo0lCDhKf,-0.6249,0.0,0.177,0.823,3
The New York Times,Thu Jun 14 02:47:02 +0000 2018,Does the Mediterranean diet prevent heart disease? A big study found it did. Now the investigators concede it was f‚Ä¶ https://t.co/hnt6AY6auI,0.0258,0.055,0.0,0.945,4
The New York Times,Thu Jun 14 02:32:01 +0000 2018,A raccoon climbed to the top of a 25-story office tower in St. Paul. An anxious world watched. https://t.co/1fSzmRt0Tk,-0.0516,0.096,0.106,0.798,5
The New York Times,Thu Jun 14 02:17:04 +0000 2018,"A Martian dust storm that has blanketed a quarter of the planet thrust NASA's Opportunity rover into a ‚Äúdark, perpe‚Ä¶ https://t.co/khS2J9lYQx",0.4215,0.141,0.0,0.859,6
The New York Times,Thu Jun 14 02:02:03 +0000 2018,Antarctica is melting faster than before. The rate at which the continent is losing ice has more than doubled since‚Ä¶ https://t.co/HOUf1KhM8Z,-0.3818,0.0,0.115,0.885,7
The New York Times,Thu Jun 14 01:47:01 +0000 2018,RT @nytpolitics: California residents will get the chance to vote on whether to divide the world‚Äôs fifth-largest economy into three separat‚Ä¶,0.25,0.091,0.0,0.909,8
The New York Times,Thu Jun 14 01:32:02 +0000 2018,Evening Briefing: Here's what you need to know at the end of the day https://t.co/dEPzg4xoAB,0.0,0.0,0.0,1.0,9
The New York Times,Thu Jun 14 01:17:04 +0000 2018,"Mike Pence was not originally on the convention‚Äôs schedule, but his office reached out to the group‚Äôs leadership to‚Ä¶ https://t.co/cHZ6gp6MsJ",0.1531,0.078,0.0,0.922,10
The New York Times,Thu Jun 14 01:02:05 +0000 2018,"The 7.5-mile race can be described as ""topographically schizophrenic."" Previous winners include an 8-year-old girl‚Ä¶ https://t.co/biQT38IPdV",0.4767,0.171,0.0,0.829,11
The New York Times,Thu Jun 14 00:47:02 +0000 2018,A former Penn State fraternity member was the first to plead guilty to charges related to the hazing death of Timot‚Ä¶ https://t.co/O7VEradUNG,-0.8316,0.0,0.328,0.672,12
The New York Times,Thu Jun 14 00:32:02 +0000 2018,"Michael Cohen, President Trump‚Äôs longtime personal fixer, will soon be parting from the lawyers representing him in‚Ä¶ https://t.co/3snsbZWdQu",0.0,0.0,0.0,1.0,13
The New York Times,Thu Jun 14 00:17:28 +0000 2018,"RT @andrewkeh: I wrote about the much ridiculed World Cup stadium in Yekaterinburg, the one with 12,000 temporary seats literally outside t‚Ä¶",-0.3612,0.0,0.111,0.889,14
The New York Times,Thu Jun 14 00:02:10 +0000 2018,"2 decades ago, a renowned professor promised to produce a flawless version of one of the 20th century‚Äôs most celebr‚Ä¶ https://t.co/aKpTTt7Q3q",0.7003,0.266,0.0,0.734,15
The New York Times,Wed Jun 13 23:47:04 +0000 2018,"RT @NYTStyles: Thanks, Dad. https://t.co/X2l55eJsdd",0.4404,0.42,0.0,0.58,16
The New York Times,Wed Jun 13 23:32:42 +0000 2018,"‚ÄúWe asked ourselves, ‚ÄòWhat would Bob do?‚Äô Using his voice to help put people to sleep? Well, he would love that.‚Äù https://t.co/McXH9U67SL",0.8541,0.33,0.0,0.67,17
The New York Times,Wed Jun 13 23:17:04 +0000 2018,Evening Briefing: Here's what you need to know at the end of the day https://t.co/FwQt4UUGeh,0.0,0.0,0.0,1.0,18
The New York Times,Wed Jun 13 23:02:02 +0000 2018,"After the revelations last month, Archie Parnell's campaign manager quit, and the state Democratic Party urged him‚Ä¶ https://t.co/bJavZlbDTH",0.4019,0.137,0.0,0.863,19
The New York Times,Wed Jun 13 22:47:02 +0000 2018,They used to be alarmed by Donald Trump. Now key Persian Gulf rulers love him. Leaked emails show how a billionaire‚Ä¶ https://t.co/kAAzyiFojj,0.128,0.156,0.175,0.669,20
The New York Times,Wed Jun 13 22:32:07 +0000 2018,The Taxi of Tomorrow was supposed to become the standard cab in New York City. Now the city has abandoned that idea. https://t.co/BDuhN4f93i,-0.4588,0.0,0.12,0.88,21
The New York Times,Wed Jun 13 22:17:07 +0000 2018,"RT @nytopinion: When you answer name-calling with name-calling, you don‚Äôt resist President Trump, writes @frankbruni. You reward him. And y‚Ä¶",0.5719,0.163,0.0,0.837,22
The New York Times,Wed Jun 13 22:02:03 +0000 2018,Coal keeps getting edged out by cheaper and cleaner alternatives https://t.co/nQ2VKwxTOo,0.1779,0.145,0.0,0.855,23
The New York Times,Wed Jun 13 21:47:03 +0000 2018,"Did you know David Lynch once worked on a video with Michael Jackson? Read the excerpt from his biography, ""Room to‚Ä¶ https://t.co/KRgSSIqnWz",0.0,0.0,0.0,1.0,24
The New York Times,Wed Jun 13 21:32:03 +0000 2018,Betsy DeVos disregarded a scathing report by her own staff when she reinstated an accrediting group tied to the col‚Ä¶ https://t.co/U8Lftve4CK,-0.3818,0.0,0.12,0.88,25
The New York Times,Wed Jun 13 21:23:07 +0000 2018,RT @nytimesbusiness: Police have been hacking into iPhones to aid their investigations. Now Apple plans to stop the practice by closing a l‚Ä¶,-0.296,0.0,0.095,0.905,26
The New York Times,Wed Jun 13 21:12:13 +0000 2018,Breaking News: Apple said it was closing a loophole in iPhones that law enforcement agencies used to access locked‚Ä¶ https://t.co/tEnUL4xS3n,0.0,0.0,0.0,1.0,27
The New York Times,Wed Jun 13 21:03:05 +0000 2018,"In much of the U.S., the stereotype that boys do better than girls at math isn‚Äôt true. But there‚Äôs a notable except‚Ä¶ https://t.co/VgSel1TRxs",0.5267,0.211,0.085,0.704,28
The New York Times,Wed Jun 13 20:48:09 +0000 2018,"‚ÄúIt‚Äôs weird to be moving into this building. I used to work here.‚Äù In the age of Amazon and dead malls, a vacant Ma‚Ä¶ https://t.co/QIqrHK9XV9",-0.6486,0.061,0.217,0.722,29
The New York Times,Wed Jun 13 20:33:05 +0000 2018,"Carey Mulligan was struck with panic attacks during rehearsals for her new play. ‚ÄúI would get two pages in, my thro‚Ä¶ https://t.co/zROjdxcUfR",-0.7003,0.084,0.287,0.629,30
The New York Times,Wed Jun 13 20:18:06 +0000 2018,"""Even when a Hollywood franchise is retooled around women, it still revolves around men ‚Äî the story lines they wrot‚Ä¶ https://t.co/o2JpgZ9hBH",0.0,0.0,0.0,1.0,31
The New York Times,Wed Jun 13 20:08:10 +0000 2018,"Comcast offered $65 billion in cash for most of 21st Century Fox, setting the stage for a bidding war with Disney https://t.co/N0uHWBCkO7",-0.5994,0.0,0.163,0.837,32
The New York Times,Wed Jun 13 20:03:02 +0000 2018,"For Canadians, the prestige of being a men‚Äôs  World Cup host for the first time appeared to supersede a festering t‚Ä¶ https://t.co/E5YaAQxMcT",0.0,0.0,0.0,1.0,33
The New York Times,Wed Jun 13 19:53:03 +0000 2018,RT @nytvideo: Here's how Michael Cohen came to be known as the president's fixer. He'll soon be parting from the lawyers representing him i‚Ä¶,0.0,0.0,0.0,1.0,34
The New York Times,Wed Jun 13 19:43:05 +0000 2018,"Almost a year after the Grenfell Tower fire, survivors and the bereaved are still steeped in trauma https://t.co/9V93eURam0",-0.8074,0.0,0.372,0.628,35
The New York Times,Wed Jun 13 19:33:03 +0000 2018,"RT @nytimesbusiness: The Fed just raised interest rates and signaled that more increases are coming this year. Here's why, and what it all‚Ä¶",0.4588,0.12,0.0,0.88,36
The New York Times,Wed Jun 13 19:23:01 +0000 2018,Twitter is having a moment. Its stock is up. But can it keep going? https://t.co/kJx2GsEBN3,0.0,0.0,0.0,1.0,37
The New York Times,Wed Jun 13 19:22:26 +0000 2018,RT @deborah_solomon: The White House and Congress are in a throw-down over ZTE. https://t.co/IHGJKF1vJJ,0.0,0.0,0.0,1.0,38
The New York Times,Wed Jun 13 19:13:03 +0000 2018,Say hi to Thora the narwhal https://t.co/K4PKnlMVQr,0.0,0.0,0.0,1.0,39
The New York Times,Wed Jun 13 19:03:08 +0000 2018,A former police chief  who wanted to appear to be a successful crime fighter instructed officers to arrest a 16-yea‚Ä¶ https://t.co/0CDtA5pe9g,-0.128,0.213,0.233,0.553,40
The New York Times,Wed Jun 13 18:53:03 +0000 2018,"RT @nytimesmusic: Christina Aguilera's new album ""Liberation"" is a critic's pick. Read @JonPareles's review: https://t.co/yNNSdM1YIs",0.0,0.0,0.0,1.0,41
The New York Times,Wed Jun 13 18:43:03 +0000 2018,RT @nytimesworld: An unexpected move to suspend military drills with South Korea heightens the fears of U.S. allies in Asia about a lack of‚Ä¶,-0.7506,0.0,0.27,0.73,42
The New York Times,Wed Jun 13 18:33:05 +0000 2018,What happens to a rural town when it loses its only school? Communities across America are finding out. https://t.co/11Kt7yDcEf,-0.3182,0.0,0.119,0.881,43
The New York Times,Wed Jun 13 18:23:01 +0000 2018,"Many Iranians could come to only one conclusion: We should talk, too  https://t.co/zZadcSP2vj",0.0,0.0,0.0,1.0,44
The New York Times,Wed Jun 13 18:13:04 +0000 2018,Secretary of State Mike Pompeo said that he expected ‚Äúmajor disarmament‚Äù in North Korea within 2 and a half years https://t.co/5ZLP5jqA3A,0.0,0.0,0.0,1.0,45
The New York Times,Wed Jun 13 18:10:45 +0000 2018,"Breaking News: The Fed raised rates and signaled it would raise them 2 more times this year, a shift driven by its‚Ä¶ https://t.co/R68jbZipgJ",0.0,0.0,0.0,1.0,46
The New York Times,Wed Jun 13 18:03:05 +0000 2018,"Chances are that when you bought a Wi-Fi router, you probably did not prioritize strong network security. It's time‚Ä¶ https://t.co/Ksqbw5mgJx",0.1275,0.183,0.118,0.699,47
The New York Times,Wed Jun 13 17:53:05 +0000 2018,Whether either of the two immigration bills can pass is very much in doubt https://t.co/iPKHwMzuDj,-0.4144,0.0,0.165,0.835,48
The New York Times,Wed Jun 13 17:48:09 +0000 2018,"RT @nytfood: Gabrielle Hamilton and her wife, Ashley Merriman, plan to partner with Ken Friedman, who is accused of sexual harassment, to r‚Ä¶",-0.6908,0.0,0.213,0.787,49
The New York Times,Wed Jun 13 17:43:02 +0000 2018,"Antarctica is melting faster. The rate at which it is losing ice has more than doubled since 2012, according to the‚Ä¶ https://t.co/qyYlCPuo4i",-0.3818,0.0,0.11,0.89,50
The New York Times,Wed Jun 13 17:23:02 +0000 2018,President Trump wants to bail out coal and nuclear power. Here's why that will be a challenge. https://t.co/7Obwp6Ns9B,0.0772,0.075,0.0,0.925,51
The New York Times,Wed Jun 13 17:13:06 +0000 2018,"He has braved New Delhi‚Äôs hot temperatures, a bad knee and evil spirits to wake up his neighbors during Ramadan. No‚Ä¶ https://t.co/GDrADosiVC",-0.7184,0.101,0.274,0.625,52
The New York Times,Wed Jun 13 17:03:06 +0000 2018,"""A lot of black voters recognize their worth right now. We will not just be given whatever an elected official thin‚Ä¶ https://t.co/Y5lmCve8oY",0.2263,0.083,0.0,0.917,53
The New York Times,Wed Jun 13 16:53:06 +0000 2018,Fact Check: A look at Corey Stewart‚Äôs history with courting the far right    https://t.co/LGrc0QagD2,0.0,0.0,0.0,1.0,54
The New York Times,Wed Jun 13 16:43:07 +0000 2018,She used to work at the Macy's at the mall. Now she lives in it. https://t.co/pTmTmqfzS9,0.0,0.0,0.0,1.0,55
The New York Times,Wed Jun 13 16:33:07 +0000 2018,"RT @NYTObits: As a top editor at @MADMagazine, Nick Meglin was the chief barometer of whether the satirical publication's humor had gone to‚Ä¶",0.4404,0.163,0.0,0.837,56
The New York Times,Wed Jun 13 16:23:04 +0000 2018,RT @nytopinion: Trump made a fake movie trailer to deal with a real nuclear threat. Here is our spoof: https://t.co/4ELoWpg4ar,-0.7579,0.0,0.289,0.711,57
The New York Times,Wed Jun 13 16:13:04 +0000 2018,"RT @amandahess: Hollywood's gender-flipped reboots require women to relive men‚Äôs stories, and fix them too ‚Äî to neutralize their sexism and‚Ä¶",0.0,0.0,0.0,1.0,58
The New York Times,Wed Jun 13 16:03:03 +0000 2018,A raccoon climbed to the top of a 25-story office tower in St. Paul. An anxious world watched. https://t.co/Zx0hAliAne,-0.0516,0.096,0.106,0.798,59
The New York Times,Wed Jun 13 15:53:07 +0000 2018,"Michael Cohen, President Trump‚Äôs longtime personal fixer, will soon be parting from the lawyers representing him in‚Ä¶ https://t.co/LU57Sc9Ieo",0.0,0.0,0.0,1.0,60
The New York Times,Wed Jun 13 15:45:01 +0000 2018,"RT @migold: ""Ain't about how fast I get there,
ain't about what's waiting on the other side,
it's the climb""

‚Äî This raccoon, probably.
htt‚Ä¶",0.0,0.0,0.0,1.0,61
The New York Times,Wed Jun 13 15:43:04 +0000 2018,"""Trump, like a lot of businessmen, doesn‚Äôt pay much attention to Canada, or Europe, or Japan"" https://t.co/ku9uze1MuN",0.2732,0.14,0.078,0.782,62
The New York Times,Wed Jun 13 15:33:03 +0000 2018,"RT @juliebosman: This spring, I spent time reporting in Arena, Wis., a village where the biggest controversy was not over something Preside‚Ä¶",0.0,0.0,0.0,1.0,63
The New York Times,Wed Jun 13 15:23:01 +0000 2018,"Three months after ""Punish a Muslim Day"" letters prompted fear and anger across Britain, the police have made an ar‚Ä¶ https://t.co/gXIJRpwg2D",-0.8834,0.0,0.377,0.623,64
The New York Times,Wed Jun 13 15:13:04 +0000 2018,"She was raped and threatened with death. Now, with a decision by Jeff Sessions  she has lost hope of getting asylum. https://t.co/NFJZdoUSEI",-0.8979,0.089,0.422,0.489,65
The New York Times,Wed Jun 13 15:03:02 +0000 2018,"One of the oldest and mightiest trees in Africa collapsed in 2016. It wasn't an isolated event: Across Africa, the‚Ä¶ https://t.co/4A2jbu9DNg",-0.0356,0.085,0.091,0.824,66
The New York Times,Wed Jun 13 14:53:01 +0000 2018,"Crystal Mason was sentenced to to 5 years in prison for voting illegally because she was a felon. Previously, an Io‚Ä¶ https://t.co/9QohlhjPBO",-0.5267,0.0,0.196,0.804,67
The New York Times,Wed Jun 13 14:43:06 +0000 2018,The painter Bob Ross died in 1995. But his soothing voice is putting people to sleep in an app. https://t.co/8J3dSH4VWM,-0.3182,0.096,0.151,0.753,68
The New York Times,Wed Jun 13 14:33:05 +0000 2018,It's challenging to cut through the news coverage around gun rights and laws. What's fact? What's chatter? Take thi‚Ä¶ https://t.co/aONGFc7n78,-0.504,0.068,0.207,0.725,69
The New York Times,Wed Jun 13 14:25:05 +0000 2018,"In much of the U.S., the stereotype that boys do better than girls at math isn‚Äôt true. But there‚Äôs a notable except‚Ä¶ https://t.co/eZaUXBZwod",0.5267,0.211,0.085,0.704,70
The New York Times,Wed Jun 13 14:14:06 +0000 2018,RT @nytopinion: Donald Trump showed Kim Jong-un a trailer casting both leaders as heroes. The Times‚Äôs Opinion video team cut a more honest‚Ä¶,0.296,0.135,0.086,0.779,71
The New York Times,Wed Jun 13 14:00:18 +0000 2018,The disgraced organizer of the Fyre Festival is accused of running a ticket-selling scam while he was out on bail https://t.co/LJiAwHyiCN,-0.6908,0.114,0.317,0.569,72
The New York Times,Wed Jun 13 13:50:04 +0000 2018,"North Korea wasted no time spinning the results in its favor, claiming it had won major concessions from the United‚Ä¶ https://t.co/gBp8Sqcttf",0.25,0.222,0.188,0.59,73
The New York Times,Wed Jun 13 13:40:05 +0000 2018,"RT @nytgraphics: USA, Canada and Mexico won the right to host the 2026 World Cup. Here's how each country in FIFA voted. https://t.co/NejVs‚Ä¶",0.5719,0.144,0.0,0.856,74
The New York Times,Wed Jun 13 13:30:04 +0000 2018,Stephen Colbert scoffed at how President Trump heaped praise on Kim Jong-un throughout their time in Singapore. Our‚Ä¶ https://t.co/pDb4U6kQOx,0.5574,0.167,0.0,0.833,75
The New York Times,Wed Jun 13 13:16:03 +0000 2018,"""There is no longer a Nuclear Threat."" President Trump appeared to be taking a victory lap even as critics cautione‚Ä¶ https://t.co/guPpkXm00N",-0.5267,0.0,0.206,0.794,76
The New York Times,Wed Jun 13 13:00:10 +0000 2018,Morning Briefing: Here's what you need to know to start your day https://t.co/xRuqLo9bTB https://t.co/SEAVDpt96D,0.0,0.0,0.0,1.0,77
The New York Times,Wed Jun 13 12:49:06 +0000 2018,"Anthony Bourdain ""thought of himself as a guest, and was fascinated and genuinely in love with the idea of food as‚Ä¶ https://t.co/CHM01eO11R",0.8074,0.278,0.0,0.722,78
The New York Times,Wed Jun 13 12:40:09 +0000 2018,"""Most likely, this patronizing act will give Kim a good laugh,"" said a Korean studies professor about the faux movi‚Ä¶ https://t.co/DhIcUGX9gp",0.4404,0.139,0.0,0.861,79
The New York Times,Wed Jun 13 12:31:39 +0000 2018,Mark Sanford's political unraveling in South Carolina was a striking comedown that somehow seemed both impossible a‚Ä¶ https://t.co/3kAUfQXTnc,-0.2023,0.0,0.101,0.899,80
The New York Times,Wed Jun 13 12:14:04 +0000 2018,"In Opinion

Op-Ed columnist @NickKristof writes, ""Kim seems to have completely out-negotiated Trump, and it's scary‚Ä¶ https://t.co/hBhj7YmRNy",0.0,0.0,0.0,1.0,81
The New York Times,Wed Jun 13 12:00:10 +0000 2018,"Your daily @DealBook Briefing:
‚Ä¢ The media M.&amp;A. floodgates are open.

‚Ä¢ Tesla is cutting staff in a bid for profit‚Ä¶ https://t.co/eSFJNaJZXr",-0.128,0.0,0.077,0.923,82
The New York Times,Wed Jun 13 11:44:02 +0000 2018,"Republican voters lashed out against traditional party leaders, ousting Representative Mark Sanford of South Caroli‚Ä¶ https://t.co/VCkTfWVg1G",0.4019,0.153,0.0,0.847,83
The New York Times,Wed Jun 13 11:38:57 +0000 2018,We've deleted this earlier erroneous tweet to the article. It was the first time a joint bid from 3 countries was s‚Ä¶ https://t.co/o2RLM6Eocd,-0.4215,0.0,0.123,0.877,84
The New York Times,Wed Jun 13 11:37:34 +0000 2018,"A combined bid from the United States, Mexico and Canada won the hosting rights for the 2026 World Cup https://t.co/Pr6LC6c6Wb",0.7579,0.277,0.0,0.723,85
The New York Times,Wed Jun 13 11:30:20 +0000 2018,"Spain, one of the favorites to win the World Cup, was thrown into chaos after the country's soccer federation fired‚Ä¶ https://t.co/nOuFICDnWa",0.4404,0.233,0.131,0.636,86
The New York Times,Wed Jun 13 11:15:02 +0000 2018,President Trump and Kim Jong-un committed to complete denuclearization of the Korean Peninsula. Why is a seemingly‚Ä¶ https://t.co/NnVkatCPD3,0.2732,0.116,0.0,0.884,87
The New York Times,Wed Jun 13 11:03:00 +0000 2018,"Of the 80 World Cup matches, 10 will be held in Canada, 10 in Mexico and 60 in the United States ‚Äî including the fi‚Ä¶ https://t.co/ygg4wn4PLI",0.4215,0.104,0.0,0.896,88
The New York Times,Wed Jun 13 11:00:04 +0000 2018,Democratic voters embraced the candidates favored by party leaders in Washington and the states https://t.co/Tz6fkzzTsq,0.6705,0.297,0.0,0.703,89
The New York Times,Wed Jun 13 10:46:04 +0000 2018,"The University of New Hampshire says it will start accepting scores from a Chinese university entrance exam, making‚Ä¶ https://t.co/Rez1iBP8Hq",0.3818,0.133,0.0,0.867,90
The New York Times,Wed Jun 13 10:28:01 +0000 2018,"A Swedish prosecutor brought rape charges against Jean-Claude Arnault, the man at the center of a scandal that led‚Ä¶ https://t.co/DxwB23lbrY",-0.8658,0.0,0.393,0.607,91
The New York Times,Wed Jun 13 10:20:46 +0000 2018,"RT @nytgraphics: Katie Arrington beat Mark Sanford in the Republican primary for South Carolina's 1st House District:
https://t.co/4iIPprVM‚Ä¶",0.0,0.0,0.0,1.0,92
The New York Times,Wed Jun 13 10:13:05 +0000 2018,Morning¬†Briefing: Here's what you need to know to start your day https://t.co/Ix3SitxwAV https://t.co/y1byu3KRdE,0.0,0.0,0.0,1.0,93
The New York Times,Wed Jun 13 09:45:07 +0000 2018,An FBI agent whose gun went off after he did a back handspring at a nightclub this month turned himself in on Tuesd‚Ä¶ https://t.co/iYmrkUTNPN,-0.34,0.0,0.103,0.897,94
The New York Times,Wed Jun 13 09:30:07 +0000 2018,"""A new story. A new beginning. One of peace. Two men, two leaders, one destiny,"" said the narrator in a faux movie‚Ä¶ https://t.co/sBisSFIxUR",0.5423,0.149,0.0,0.851,95
The New York Times,Wed Jun 13 09:16:04 +0000 2018,"In Venezuela, photographs of empty rooms tell the stories of those who left following the country‚Äôs political chaos‚Ä¶ https://t.co/p06zVee9Jt",-0.2023,0.0,0.091,0.909,96
The New York Times,Wed Jun 13 09:02:33 +0000 2018,The Trump administration accused the University of Michigan of discouraging students from expressing their views https://t.co/oucXvlTWag,-0.6249,0.0,0.267,0.733,97
The New York Times,Wed Jun 13 08:46:10 +0000 2018,The U.S. has talked about building solar panel highways for years. China has now done it. https://t.co/SZAPxDdJUv,0.0,0.0,0.0,1.0,98
The New York Times,Wed Jun 13 08:30:04 +0000 2018,"Several days of intensive diplomacy failed to stave off the attack on Al Hudaydah, a city of 600,000 people and the‚Ä¶ https://t.co/YLeXBysKth",-0.7506,0.0,0.252,0.748,99
The New York Times,Wed Jun 13 08:16:04 +0000 2018,"Across Africa, the oldest and largest baobabs have begun to fall and die, according to new research https://t.co/4OJzPAskgA",-0.5994,0.0,0.187,0.813,100
